SNP,RIL01,RIL02,RIL03,RIL04,RIL05,RIL06,RIL07,RIL08,RIL09,RIL10
PZE_101000088,B,B,B,B,A,B,B,A,B,A
PZE_101001587,A,B,A,B,A,B,B,A,B,A
SYN2545,A,B,A,B,A,B,B,A,B,A
SYN30742,A,B,A,B,A,A,B,A,B,B
SYN11492,B,B,B,B,A,A,B,A,B,B
SYN11494,B,B,B,B,A,A,B,A,B,A
SYN5934,B,B,B,B,A,A,B,A,A,B
SYN11315,A,B,A,A,A,A,B,A,A,B
SYN11325,A,B,A,A,A,A,B,A,A,A
SYN10139,B,B,B,A,A,A,B,B,A,B
PZE_101009528,A,B,A,A,A,A,A,A,A,A
PZE_101011048,B,B,B,A,A,A,B,B,A,B
PZE_101011906,B,B,B,A,A,A,B,B,A,B
PZE_101014003,B,B,A,A,A,A,A,B,A,A
SYN11901,A,B,A,A,A,A,A,A,A,A
SYN11910,A,B,B,A,A,A,B,A,A,B
SYN10548,B,B,A,B,A,A,A,B,A,A
SYN2431,A,B,B,A,A,A,B,A,A,B
PZE_101018261,B,B,B,B,A,A,B,B,B,B
PZE_101019537,A,A,A,A,A,A,A,A,A,A
PZE_101020456,A,A,B,A,A,A,B,A,A,B
SYN372,B,B,B,B,A,A,B,B,B,B
PZE_101021930,B,B,A,B,A,A,A,B,B,A
SYN12538,A,A,A,A,A,A,A,A,A,A
PZE_101024131,B,B,B,B,A,A,B,B,B,B
PUT_163a_149070811_822,A,A,B,A,A,A,B,A,A,B
SYN31166,B,B,B,B,A,A,B,B,B,B
SYN5068,A,A,A,A,A,A,A,A,A,A
SYN14297,B,B,A,B,A,A,A,B,B,A
SYN33277,A,A,A,A,A,A,A,A,A,A
SYN30822,A,A,B,A,A,A,B,A,A,B
SYN16133,A,A,A,A,A,A,A,A,A,A
PZE_101033801,B,B,A,B,A,A,A,B,B,A
SYN430,B,B,B,B,A,A,B,B,B,B
PZE_101036181,A,A,A,A,A,A,A,A,A,A
PZE_101036799,A,A,A,A,A,A,A,A,A,A
PZE_101037751,B,B,B,B,A,A,B,B,B,B
SYN248,B,A,B,A,A,A,B,A,A,B
SYN21657,B,A,B,A,A,A,B,A,A,B
PZE_101043094,B,A,B,A,A,A,B,A,A,B
PZE_101044686,B,B,B,B,A,A,B,B,B,B
PZE_101047239,B,A,A,A,A,A,A,A,A,B
SYN468,B,A,B,A,A,A,B,A,A,B
PZE_101048890,B,A,A,A,A,A,A,A,A,B
SYN34505,B,B,B,B,A,A,B,B,B,B
PZE_101050744,B,A,B,A,A,A,B,A,A,B
PZE_101051764,B,B,B,B,A,A,B,B,B,B
SYN34675,B,A,A,A,A,A,A,A,A,B
SYN15466,B,B,B,B,A,A,B,B,B,B
SYN36556,B,A,A,A,A,A,A,A,A,B
SYN13385,B,A,A,A,A,A,A,A,A,B
SYN3007,B,B,A,B,B,A,A,B,B,B
SYN37816,B,B,A,B,B,A,B,B,B,B
PUT_163a_4730462_2144,B,A,A,A,B,A,B,A,A,B
PZE_101068578,B,B,A,B,B,A,B,B,B,B
PZE_101069206,B,B,A,B,B,A,A,B,B,B
PZE_101071285,B,B,A,B,B,A,B,B,B,B
PZE_101073762,B,A,A,A,B,A,A,A,A,B
SYN37946,B,B,A,B,B,A,B,B,B,B
SYN30400,B,B,A,B,B,A,B,B,B,B
SYN35687,B,A,A,A,B,A,A,A,A,B
SYN25173,B,A,A,A,B,A,A,A,A,B
SYN35766,B,B,A,B,B,A,B,B,B,B
SYN38511,B,B,A,B,B,A,B,B,B,B
PZE_101085909,B,B,A,B,B,A,A,B,B,B
PHM5306_16,B,B,A,B,B,A,B,B,B,B
SYN23488,B,A,A,A,B,A,A,A,A,B
PZE_101090113,B,A,A,A,B,A,A,A,A,B
PZE_101093764,B,A,A,A,B,A,B,A,A,B
SYN309,B,A,A,A,B,A,B,A,A,B
SYN18447,B,A,A,A,A,A,A,A,A,B
PZE_101100033,B,B,A,B,B,A,B,B,A,B
PZE_101101977,B,B,A,B,B,A,B,B,A,B
SYN33285,B,A,A,A,A,A,A,A,A,B
SYN2447,B,A,A,A,A,A,A,A,A,B
PZE_101126822,B,A,B,A,B,A,B,A,A,B
PZE_101129131,B,A,B,A,A,A,A,A,A,B
PZE_101134316,B,A,B,B,A,A,A,B,A,B
SYN26373,B,A,B,A,B,A,B,A,A,B
PZE_101138282,B,A,B,B,A,A,A,B,A,B
SYN19659,B,A,B,A,A,A,A,A,A,B
SYN35729,B,A,B,B,B,A,B,B,A,B
PZE_101141198,B,A,B,A,B,A,B,A,A,B
SYN1730,B,A,B,B,A,A,A,B,A,A
PZE_101143985,B,A,B,A,A,A,B,A,A,A
SYN11639,B,B,B,A,A,A,B,A,A,A
PZE_101145571,B,B,B,A,A,A,B,A,A,A
PZE_101146635,B,B,B,A,A,A,B,A,A,A
SYN29735,B,B,B,A,B,A,B,A,B,B
SYN6423,B,B,B,B,A,A,B,B,A,A
SYN4981,B,B,B,A,B,A,B,A,B,B
PZE_101151332,B,B,B,A,B,A,B,A,B,B
SYN10893,B,B,B,A,B,A,B,A,B,A
SYN27911,B,B,B,B,A,A,B,B,A,A
SYN28737,B,B,B,B,B,A,B,B,B,A
PZE_101154578,B,B,B,B,B,A,B,B,B,A
PZE_101155828,B,B,B,B,A,A,B,B,A,A
PZE_101157898,B,B,B,A,B,A,B,B,B,A
SYN27496,B,B,B,A,A,A,B,A,A,A
SYN39120,B,B,B,A,B,A,B,A,B,A
PZE_101162348,B,B,B,A,A,A,B,A,B,A
SYN37671,B,B,B,A,A,A,B,A,A,A
SYN15312,B,B,B,A,A,A,B,A,A,A
SYN34585,B,B,B,A,A,A,B,A,A,A
SYN28181,B,B,B,A,A,A,B,A,A,A
PZE_101168672,B,B,B,A,A,A,B,A,B,A
PZE_101170679,B,B,B,A,A,A,B,A,A,A
SYN21837,B,B,B,A,A,A,B,A,A,A
PZE_101172846,B,B,B,A,A,A,B,A,A,A
SYN27089,B,B,B,A,A,A,B,A,A,A
SYN15636,B,B,B,B,A,B,B,A,B,A
SYN31264,B,B,B,B,A,B,B,A,B,A
PZE_101179823,B,B,B,A,A,A,B,A,A,A
PZE_101181728,B,B,A,A,A,A,B,B,A,A
PZE_101186140,A,B,A,A,A,A,B,B,A,A
SYN27669,B,B,A,A,A,A,B,B,A,A
PZE_101189246,A,B,A,A,A,A,A,A,A,A
SYN10493,B,B,B,B,A,B,B,A,B,A
PZE_101190298,A,B,B,B,A,B,B,A,B,A
PZE_101191080,B,B,B,B,A,B,B,A,B,A
SYN31513,A,B,A,A,A,A,A,A,A,A
SYN13216,A,B,A,A,A,A,A,A,A,A
PZE_101195800,B,B,B,B,A,B,B,A,B,A
SYN14441,B,B,B,B,A,B,B,A,B,A
SYN36250,A,B,A,A,A,A,A,A,A,A
SYN13479,B,B,B,B,A,B,B,A,B,A
PZE_101201243,B,B,A,A,A,A,A,A,A,A
SYN6273,B,B,B,B,A,B,B,A,B,A
PZE_101206027,B,B,B,B,A,B,B,A,B,A
PZE_101207166,B,B,B,A,A,A,A,A,A,A
PZE_101207960,A,B,B,B,A,B,B,A,B,A
SYN12,B,B,B,A,A,A,A,A,A,A
PZE_101209157,B,B,B,A,A,A,A,A,A,A
SYN271,A,B,B,B,A,B,B,A,B,A
SYN37125,A,B,B,A,A,A,A,A,A,A
PZE_101214804,B,B,B,B,A,B,B,A,B,A
PZE_101217474,A,B,B,B,A,B,B,A,B,A
PZE_101220098,A,B,B,A,A,A,A,A,A,A
SYN20137,A,B,B,B,A,B,A,A,B,A
SYN11880,A,B,B,A,A,A,A,A,A,A
SYN16769,A,B,B,A,A,A,A,A,A,A
PZE_101229795,A,B,B,A,A,A,A,A,A,A
PUT_163a_71305340_3083,B,B,B,B,A,B,A,A,B,A
SYN27285,B,B,B,A,A,A,A,A,A,A
SYN32982,B,B,B,A,A,A,A,A,A,A
SYN2055,B,B,B,A,A,A,A,A,A,B
SYN10358,A,B,B,A,A,A,A,A,A,B
SYN5998,B,B,B,A,A,A,B,A,A,B
PUT_163a_88747038_4526,B,B,B,B,A,B,B,A,B,B
SYN20048,A,B,B,A,A,A,A,A,A,B
PZE_101237701,A,B,B,B,A,B,A,A,B,B
SYN32910,A,A,B,A,A,A,A,A,A,B
SYN38901,B,A,B,A,A,A,B,A,A,B
SYN37693,B,A,B,A,A,A,B,A,A,B
PZE_101241854,B,B,B,B,A,B,B,A,B,B
PUT_163a_74238957_3642,A,B,B,B,A,B,A,A,B,B
PZE_101244344,A,B,B,B,A,B,A,A,B,B
SYN33501,A,A,B,A,A,A,A,A,A,B
SYN12807,A,A,B,A,A,A,A,A,A,B
SYN26420,B,B,B,B,A,B,B,A,B,B
PZA00276_18,B,B,B,B,A,B,B,A,B,B
SYN38692,A,A,B,A,A,A,A,A,A,B
PUT_163a_76012177_3730,A,B,B,A,A,B,A,A,B,B
SYN12422,A,B,B,A,A,B,A,A,B,B
SYN14020,A,B,B,A,A,B,A,A,B,B
PZE_101252431,A,B,B,A,A,B,A,A,B,B
SYN2035,B,B,B,B,B,B,B,A,B,B
SYN25989,A,B,B,B,B,B,B,A,B,B
PZE_101254612,A,B,B,A,A,A,A,A,A,A
SYN16121,A,B,B,B,B,B,B,A,B,B
PZE_101256851,A,B,B,A,A,B,A,B,B,B
PUT_163a_78092140_4247,A,B,B,B,B,B,B,A,B,B
SYN20785,A,A,B,B,B,B,B,A,B,B
SYN4121,A,A,B,B,B,B,B,A,A,B
SYN148,A,A,A,B,B,B,A,A,A,B
PHM13440_11,A,A,A,A,B,B,A,A,A,B
PZA02175_1,A,A,B,A,B,B,B,A,B,B
PZA00902_1,A,A,A,A,B,B,B,A,A,B
PZA_002264005,A,A,A,A,B,B,A,A,A,B
SYN23899,A,A,B,A,B,B,A,A,B,B
SYN2664,A,A,B,A,B,B,A,A,B,B
SYN31700,A,A,B,A,B,B,B,A,B,B
SYN31118,A,A,B,A,B,B,B,A,B,B
SYN3550,A,A,A,A,B,B,A,A,A,B
SYN10369,A,A,A,A,A,B,A,A,A,B
PZE_102012595,A,A,B,A,A,B,A,A,B,B
SYN27979,A,A,A,A,A,B,A,A,A,B
SYN2692,A,A,B,A,A,B,A,A,B,B
SYN1142,B,A,A,A,A,B,B,A,A,B
SYN4734,A,A,B,A,A,B,A,A,B,B
SYN4738,B,A,B,A,A,B,B,A,B,B
SYN11386,B,A,B,A,A,B,B,A,B,B
SYN38155,A,A,A,A,A,B,A,A,A,B
SYN13012,B,A,B,A,A,B,B,A,B,B
SYN5491,B,A,B,A,A,B,B,A,B,B
SYN36013,B,A,B,A,A,B,B,A,B,B
PZE_102027555,A,A,A,A,A,B,A,A,A,B
SYN6380,B,A,B,A,B,B,B,B,A,B
SYN240,B,A,B,A,B,A,B,B,A,B
PZE_102032550,A,A,B,A,A,A,A,A,A,B
PZE_102032700,A,A,B,A,A,A,A,A,A,B
SYN266,B,A,B,A,B,B,B,B,A,B
PZE_102035734,A,A,B,A,A,B,A,A,A,B
SYN20892,B,A,B,A,B,B,A,B,A,B
PZE_102038457,A,A,B,A,A,A,A,A,A,B
PZE_102039584,B,A,B,A,B,B,A,B,A,B
SYN24572,A,A,B,B,A,A,A,A,A,B
PZE_102040639,A,A,B,B,B,A,A,B,A,B
SYN29040,A,A,B,B,A,A,A,A,A,B
SYN25976,B,A,B,B,B,B,A,B,A,B
SYN21122,A,A,B,B,B,A,A,B,A,B
SYN635,B,A,B,B,B,A,A,B,A,B
SYN3949,A,A,B,B,A,A,A,A,A,B
SYN2574,A,A,B,B,B,A,A,A,A,B
SYN19565,B,A,A,B,B,A,A,B,A,B
SYN318,A,A,A,B,A,A,A,A,A,B
PZE_102056594,B,A,A,B,B,A,A,B,A,B
SYN21334,A,A,A,B,B,A,A,A,A,B
SYN28428,B,A,A,B,A,A,A,B,A,B
PZE_102062050,A,A,A,B,B,A,A,A,A,A
PZE_102062962,A,A,A,B,A,A,A,A,A,A
SYN11871,A,A,A,B,B,A,A,B,A,A
SYN5389,A,A,A,B,A,A,A,B,A,A
SYN38709,A,A,A,B,A,A,A,B,A,A
SYN243,A,A,A,B,B,A,A,B,A,A
PZE_102077000,A,B,A,B,B,A,A,B,A,B
PZE_102079038,A,A,A,B,A,A,A,B,A,A
PZE_102080745,A,A,A,B,A,A,A,B,A,A
PZE_102088058,A,B,A,B,B,A,A,B,A,A
PZE_102103687,A,A,A,B,A,A,A,B,A,A
SYN34892,A,B,A,B,B,A,A,B,A,A
PZE_102115210,A,A,A,B,A,A,A,B,A,A
PZE_102116253,A,A,A,B,A,A,A,B,A,A
SYN18935,A,B,A,B,B,A,A,B,A,B
PZE_102123339,A,B,A,B,B,A,A,B,A,B
SYN33470,A,B,A,B,B,A,A,B,A,B
SYN1715,A,B,A,B,B,A,A,B,A,A
SYN12139,A,B,A,B,B,A,A,B,A,B
SYN28452,A,A,A,B,A,A,A,B,B,A
PZE_102141932,A,B,A,B,B,A,A,B,B,B
PUT_163a_76292635_3968,A,B,A,B,B,A,A,B,B,B
SYN4463,A,A,A,B,A,A,A,B,B,A
PZE_102148653,A,B,A,B,B,A,A,B,B,B
SYN20821,A,B,A,A,B,A,A,B,B,A
PZE_102149979,A,B,A,A,A,A,A,B,B,A
SYN25686,A,B,A,A,A,A,A,B,B,A
PZE_102152341,A,B,A,A,A,A,A,B,B,A
SYN12058,A,B,A,A,A,A,A,A,B,A
SYN26925,B,B,A,B,B,A,A,B,B,B
SYN5375,B,B,A,A,A,A,A,B,B,B
SYN34747,B,B,A,A,A,A,A,B,B,B
PZE_102159951,B,B,A,A,A,A,A,B,B,B
PZE_102161343,B,B,A,A,A,A,A,B,B,B
SYN34830,A,B,A,A,A,A,A,A,B,B
PZE_102163896,B,B,A,A,A,A,A,B,B,B
PZE_102165274,B,B,A,A,B,A,A,B,B,B
SYN15076,B,B,A,A,B,A,A,B,B,B
SYN10128,A,B,A,A,B,A,A,B,B,B
SYN31932,B,B,A,A,B,A,A,B,B,B
SYN32350,B,B,A,A,A,A,A,A,B,B
PZE_102170912,B,B,A,A,A,A,A,A,B,B
SYN28589,B,B,A,A,A,A,A,A,B,B
PZE_102172862,B,B,A,A,A,A,A,A,A,B
SYN31065,B,B,A,A,A,A,A,A,A,B
PZE_102176551,B,B,A,A,B,A,A,B,B,B
PZE_102177216,B,B,A,A,A,A,A,A,A,A
SYN31670,B,B,A,A,A,A,A,A,A,A
SYN18370,B,B,A,A,B,A,A,B,A,B
SYN18298,B,B,A,A,A,A,A,A,B,A
PZE_102181729,B,B,A,A,A,A,A,A,B,A
SYN31625,B,B,A,A,B,A,A,B,B,B
SYN28305,B,B,A,A,B,A,A,B,A,A
PZE_102183628,B,B,A,A,B,A,A,A,A,A
PZE_102183761,B,B,A,A,B,A,A,B,A,A
PZE_102184881,B,B,A,A,B,B,A,B,B,A
PZE_102185564,B,B,A,A,B,B,A,B,B,A
SYN38986,B,B,A,A,B,B,A,B,A,A
PZE_102187385,B,B,A,A,B,B,A,B,A,A
SYN37221,A,B,A,A,B,B,A,B,A,A
SYN37222,A,B,A,A,B,B,A,B,B,A
SYN14633,A,B,A,A,B,A,A,A,B,A
PUT_163a_71446738_3385,A,B,B,A,B,B,A,B,B,B
SYN31202,A,B,B,A,B,B,A,B,B,B
PZE_102193904,A,B,A,A,B,A,A,A,A,A
PZA00309_1,B,B,B,B,A,A,A,A,B,A
PZE_103001531,B,B,B,B,A,A,B,A,B,B
PZE_103002726,B,A,A,A,A,A,A,A,A,A
SYN39150,B,A,A,A,A,A,B,A,A,B
SYN10208,B,B,B,B,B,A,B,A,B,B
SYN25632,B,B,B,B,B,A,A,A,B,A
SYN15338,B,B,B,B,B,A,B,A,B,B
PUT_163a_71423695_3220,B,B,B,B,B,A,B,A,B,B
SYN5646,A,A,A,A,A,A,A,A,A,A
PZE_103008604,A,B,B,B,B,A,A,A,B,A
SYN28478,B,A,A,A,A,A,B,A,A,B
PZA02678_1,A,B,B,B,B,A,A,A,B,A
PUT_163a_148951348_515,A,B,B,B,B,A,A,A,B,A
SYN14580,A,A,A,A,A,A,B,A,A,A
PZE_103015226,A,A,A,A,A,A,B,A,A,A
SYN13714,A,B,B,B,B,A,B,B,B,A
PZE_103016418,A,A,A,A,A,A,B,A,A,A
SYN10094,A,B,B,B,B,A,B,B,B,A
SYN24350,B,A,B,A,A,A,B,A,A,A
SYN38181,B,A,B,A,A,A,B,A,A,B
PZE_103019119,B,A,B,A,B,A,A,A,A,A
PZE_103020815,B,B,B,B,B,A,B,B,B,B
SYN37725,B,B,B,B,B,A,A,B,B,A
PZE_103022322,B,A,B,A,B,A,A,A,B,A
SYN33443,B,B,B,B,B,A,A,B,B,B
SYN33798,B,B,B,B,B,A,A,B,B,A
PZE_103027358,B,A,B,A,B,A,A,A,B,B
PZE_103030646,B,B,B,B,B,A,A,B,B,B
PZE_103031634,B,B,B,B,B,A,A,B,B,B
SYN32858,B,A,A,A,B,A,A,A,B,A
PUT_163a_110204885_63,B,B,B,B,B,A,A,B,B,B
PZE_103041113,B,B,B,B,B,A,A,A,B,B
PZE_103046325,B,B,A,B,B,A,A,A,B,A
PZE_103053111,B,B,B,B,B,A,A,A,B,B
PZE_103070590,A,B,A,B,B,A,A,A,B,A
PZE_103074774,B,B,B,B,B,A,A,A,B,B
PZE_103075826,A,B,B,B,B,A,A,A,B,B
PZE_103077634,B,B,B,B,B,A,A,A,B,B
PZE_103082609,B,B,A,B,B,A,A,A,B,A
PZE_103086783,B,B,B,B,B,A,A,A,B,B
SYN10940,A,B,A,B,B,A,A,A,B,A
SYN34785,A,B,B,B,B,A,A,A,B,A
PZE_103090925,A,B,B,B,B,A,A,A,B,A
PZE_103092754,A,B,B,B,B,A,A,A,B,A
PUT_163a_60398389_2973,B,B,B,B,B,A,A,A,B,A
PZE_103099066,B,B,B,B,B,A,A,A,B,A
SYN16048,A,B,B,B,B,A,A,A,B,A
PZE_103102032,B,B,B,B,B,A,A,A,B,A
SYN14727,A,B,B,B,B,A,A,A,A,A
PUT_163a_76293601_3974,B,B,B,B,B,A,A,A,B,A
PZE_103109369,B,B,B,B,B,A,A,A,B,A
PZE_103110860,B,B,B,B,B,A,A,A,B,A
PZE_103112971,B,B,B,B,B,A,A,B,B,A
SYN31233,B,B,B,B,B,A,A,B,B,A
PZE_103116145,B,B,B,B,B,A,A,B,B,A
PZE_103118006,B,B,B,B,B,A,A,B,B,A
SYN18160,B,B,B,B,B,A,A,B,A,A
PZE_103119687,B,B,B,B,B,A,A,A,A,A
SYN30212,B,B,B,B,B,A,A,B,A,A
SYN31222,B,B,B,B,B,A,A,A,A,A
SYN31225,B,B,B,B,B,B,A,B,A,A
PZE_103124901,B,B,B,B,B,B,A,B,A,A
PZE_103125579,B,B,B,B,B,B,A,B,A,A
PZE_103126215,B,B,B,B,B,A,A,A,A,A
SYN23233,B,B,B,B,B,A,A,A,A,A
PZE_103129454,A,B,B,B,B,A,B,A,A,A
PZE_103130978,A,B,B,B,B,A,B,A,A,A
PZE_103132150,B,B,B,B,B,A,B,A,A,A
PZE_103132614,B,B,B,B,B,B,B,B,A,B
PZE_103133568,A,B,B,B,B,A,B,A,A,A
SYN30268,A,B,B,B,B,A,B,A,A,A
SYN23092,A,B,B,B,B,A,B,B,A,B
SYN24182,A,B,B,B,B,A,B,A,A,A
SYN37387,A,B,B,B,B,A,B,B,A,B
PZE_103141953,A,B,B,B,B,A,B,B,A,A
SYN34418,B,B,B,B,B,B,B,A,A,A
PUT_163a_88754120_4563,B,B,B,B,B,B,B,B,A,A
SYN32692,A,B,B,A,B,A,B,B,A,A
PZE_103149272,B,B,B,A,B,B,B,B,A,A
PZE_103150041,A,A,B,A,B,A,B,B,A,A
SYN20313,A,B,B,A,B,B,B,A,A,A
PZE_103151399,B,A,B,A,B,A,B,B,A,A
PUT_163a_71761183_3448,B,B,B,A,B,B,B,B,A,A
PZE_103155594,B,A,B,A,B,A,B,B,A,A
PZE_103156977,B,B,A,A,B,B,B,B,A,A
SYN34635,B,A,A,A,B,A,B,B,A,A
SYN31429,B,B,A,A,B,B,B,B,A,A
PUT_163a_71440306_3328,A,B,A,A,B,B,B,A,A,A
PZE_103163035,B,B,A,A,B,B,B,B,A,A
SYN35424,A,B,A,A,B,B,B,A,A,A
SYN35556,A,A,A,A,B,A,B,A,A,A
SYN33391,A,A,A,A,B,A,B,A,A,A
PUT_163a_22545298_1589,A,B,A,A,B,B,B,A,A,A
SYN31522,B,A,A,A,B,B,B,B,A,A
SYN32258,B,A,A,A,B,B,B,B,A,A
SYN28000,B,B,A,A,B,B,B,B,A,A
SYN4045,A,B,A,A,B,A,B,A,A,B
PZE_103172732,A,A,A,A,B,A,B,A,A,B
SYN31046,A,A,A,A,B,A,B,A,A,B
SYN38998,A,B,A,A,B,A,B,A,A,B
SYN33527,A,A,A,A,B,A,A,A,A,B
SYN38130,A,A,A,A,A,A,A,A,A,B
PZE_103177780,B,A,A,B,A,B,A,B,A,B
SYN31243,A,A,A,A,A,A,A,A,A,B
SYN27420,A,A,A,A,A,A,A,A,A,B
SYN30477,A,B,A,A,B,A,B,A,A,B
SYN29679,A,A,A,A,A,A,A,A,A,B
PZE_103182291,A,B,B,A,B,A,B,A,A,B
SYN30342,A,B,B,B,B,A,B,A,A,B
SYN4860,A,A,B,B,A,A,A,A,A,B
PZE_103185889,A,B,B,B,B,A,B,A,A,B
SYN33196,B,A,B,B,B,B,B,B,B,B
SYN24156,B,A,A,B,A,B,B,A,A,A
SYN33006,B,A,A,B,B,B,B,A,A,B
PUT_163a_78115415_4344,B,A,B,B,B,B,B,B,B,B
SYN22929,B,A,A,B,B,B,B,A,A,A
PUT_163a_94477564_4893,B,A,B,B,B,B,B,B,B,B
SYN1073,B,A,B,B,B,B,B,B,B,B
SYN1064,B,A,B,B,B,B,B,B,B,A
SYN24520,B,A,A,B,B,B,B,A,A,B
SYN11366,B,B,B,B,B,B,B,B,B,A
SYN24044,B,A,A,B,B,B,B,A,A,A
SYN29175,B,A,A,B,A,B,B,A,A,A
SYN29997,B,B,B,B,B,B,B,B,B,B
SYN30003,B,B,A,B,B,B,B,A,A,B
PZE_104009755,B,A,A,B,A,B,B,A,A,A
SYN19801,B,B,A,B,B,B,B,A,A,B
SYN11697,B,B,A,B,B,B,B,A,A,B
SYN14191,B,B,B,B,B,B,B,B,B,B
SYN31962,B,B,A,B,B,B,A,B,A,B
PZE_104012818,B,B,B,B,B,B,B,B,B,B
PZE_104013117,B,B,A,B,B,B,A,B,A,B
PZE_104013627,A,A,A,B,B,A,A,A,A,A
PZE_104014765,B,B,A,B,B,B,A,B,A,B
SYN12142,B,B,A,B,B,B,A,B,A,B
PZE_104016428,B,B,A,B,B,B,A,B,A,B
SYN30707,A,A,A,B,B,A,A,A,A,A
PZE_104017875,B,B,A,B,B,B,B,B,B,B
PZE_104018218,B,B,A,B,B,B,A,B,A,B
PZE_104018363,A,A,A,B,B,A,A,A,A,A
PZE_104019012,A,A,A,B,B,A,A,A,A,A
SYN24026,B,B,A,B,B,B,B,B,B,B
SYN23842,A,A,A,B,B,A,A,A,A,A
PZE_104021510,A,A,A,B,B,A,A,A,A,A
SYN31169,B,B,A,B,B,B,A,B,A,B
SYN23037,B,B,A,B,B,B,A,B,A,B
PZE_104028286,A,A,A,B,A,A,B,A,B,A
PZE_104029141,A,A,A,B,A,A,B,A,B,A
SYN25839,A,A,A,B,A,A,B,A,B,A
PZE_104031664,A,A,A,B,A,A,A,A,A,A
PZE_104033664,A,B,A,B,A,A,A,A,A,A
SYN10441,B,B,A,B,B,B,A,B,A,B
PZE_104042143,B,B,A,B,A,A,A,B,A,A
PZE_104049103,B,B,A,B,A,A,A,B,A,A
SYN21348,B,B,A,B,B,B,B,B,B,B
PZE_104066797,B,B,A,A,A,A,A,B,A,A
PZE_104074935,B,B,A,B,B,B,B,B,B,B
SYN27217,B,B,A,A,A,A,A,B,A,A
PZE_104079202,B,B,A,B,B,B,B,B,B,B
PUT_163a_71330910_3189,B,B,A,B,B,B,B,B,B,B
PZE_104081530,B,B,A,A,A,A,B,B,B,A
PZE_104083693,B,B,A,A,A,A,B,B,B,A
SYN4676,B,B,A,A,A,A,B,B,A,B
PZE_104086186,B,B,A,A,A,A,B,B,A,B
PZE_104087964,B,B,A,B,B,B,B,B,B,B
SYN1892,B,B,A,B,B,B,B,B,A,B
PZE_104091530,B,B,A,B,B,B,B,B,B,B
SYN2178,B,B,A,B,B,B,B,B,B,B
SYN606,B,B,A,A,A,A,B,A,A,B
PZE_104095248,B,B,A,A,A,A,B,A,A,B
PZA00271_1,B,B,B,B,B,B,B,A,B,B
SYN2090,B,B,B,A,A,A,B,A,B,B
SYN2452,B,B,B,B,B,B,B,A,B,B
SYN2327,B,B,B,A,A,A,B,A,B,B
PZE_104100589,B,B,B,B,B,B,B,A,B,B
SYN18331,B,B,B,B,B,B,B,B,B,B
PZE_104102755,B,B,B,A,A,A,B,A,A,B
SYN1846,B,B,B,A,A,A,B,A,A,B
PZE_104104798,B,B,B,A,A,A,B,B,B,B
SYN1197,B,B,B,B,B,B,B,A,A,B
PZE_104105816,B,B,B,B,B,B,B,A,A,B
PZE_104106033,B,B,B,A,A,A,B,A,A,B
PUT_163a_13388743_219,B,B,B,B,B,B,B,A,A,B
PZE_104109358,B,B,B,B,B,B,B,A,A,B
SYN32511,B,A,B,B,B,B,B,A,A,B
PZE_104112738,B,A,B,B,B,B,B,A,A,B
PZE_104113360,B,B,B,B,B,B,B,B,B,B
SYN14892,B,A,B,B,B,B,B,A,A,B
PHM4348_16,B,B,B,B,B,B,B,B,B,B
SYN1805,B,A,B,B,B,B,B,A,B,B
PZE_104122100,B,A,B,A,B,B,B,A,B,B
PZE_104123695,B,B,B,A,A,A,B,B,A,B
PZE_104126314,B,B,B,A,B,B,B,B,B,B
PZE_104128889,B,B,B,A,B,B,B,B,B,B
PZE_104132640,B,A,B,A,B,B,B,A,B,B
SYN29124,B,B,B,A,B,B,B,B,B,B
SYN19608,B,B,B,A,B,B,B,B,B,B
SYN22426,B,A,B,A,B,B,B,A,B,B
PZE_104139549,B,A,B,A,A,A,B,A,A,A
PZE_104140188,B,B,B,A,B,A,B,B,A,A
SYN29804,B,B,B,A,B,B,B,B,B,B
PZE_104142983,B,B,B,A,B,A,B,B,A,A
PZE_104143118,B,B,B,A,B,B,B,B,B,B
SYN23418,B,B,B,A,B,B,B,B,B,B
PZE_104145773,B,B,B,A,B,B,B,B,B,B
PZE_104146082,A,A,B,A,B,A,B,A,A,A
SYN19392,B,B,B,A,B,B,B,B,B,B
SYN28888,A,A,B,A,B,B,B,A,A,A
PZE_104150001,A,A,B,A,B,B,B,B,B,A
SYN14093,A,A,B,A,B,B,B,B,B,A
SYN39090,B,B,B,A,B,B,B,B,B,B
SYN14623,B,B,B,A,B,B,B,B,A,B
SYN37134,B,B,B,A,B,B,B,B,B,B
PUT_163a_31664272_1986,B,B,B,A,B,B,B,B,B,B
PZE_104153704,A,B,B,A,B,B,B,B,A,B
SYN1363,A,A,B,A,A,B,B,B,A,A
SYN38841,B,B,B,A,B,B,B,B,B,B
SYN37256,B,B,B,A,B,B,B,B,B,B
SYN26000,B,B,B,A,B,B,B,B,B,B
PZE_104155284,B,A,B,A,A,B,B,B,B,A
SYN39224,A,B,B,A,B,B,A,B,A,B
SYN29058,A,B,B,A,B,B,A,B,A,B
PZE_104157101,A,B,B,A,B,B,A,B,A,B
PZE_105000145,B,B,B,B,B,B,B,B,B,B
SYN21619,A,B,A,A,B,A,B,A,A,B
SYN35027,A,B,A,A,B,A,A,A,A,B
PZE_105003814,A,B,A,A,B,B,A,A,A,B
SYN36933,B,B,B,B,B,B,A,B,B,B
SYN15176,A,A,A,A,B,A,A,A,A,B
SYN541,B,A,B,B,B,B,A,B,B,B
SYN31758,A,A,A,A,B,A,A,A,A,B
SYN523,A,A,A,A,B,A,A,A,A,B
PUT_163a_14244370_320,B,A,B,B,B,A,A,A,B,B
SYN5363,B,A,B,B,B,A,A,A,B,B
SYN30873,A,A,A,A,B,A,A,A,A,B
SYN12682,A,A,A,A,B,A,A,A,A,B
SYN1037,B,A,B,B,B,A,A,A,B,B
SYN3123,A,A,A,A,B,A,A,A,A,B
PZE_105015473,A,A,A,A,B,B,A,A,A,B
PZE_105016573,A,A,A,A,B,B,A,A,A,B
SYN2126,A,A,A,B,B,B,A,A,A,B
PZE_105018063,B,A,B,B,B,B,A,A,B,B
PZE_105018841,A,A,A,A,B,B,B,A,A,B
SYN33205,A,A,A,A,B,B,B,A,A,B
SYN38234,B,A,B,A,B,B,B,A,B,B
PZE_105021560,A,A,B,A,B,B,B,A,A,B
PZE_105023645,A,A,B,A,B,B,B,A,A,B
SYN27310,A,A,B,A,B,B,B,A,A,B
SYN35808,A,A,B,A,B,B,B,A,A,B
SYN1692,A,A,B,A,B,B,B,A,B,B
SYN19687,A,A,B,A,B,B,B,A,B,B
SYN16500,B,A,B,A,B,B,B,A,B,B
SYN15152,B,A,B,A,B,B,B,A,B,B
PZE_105031086,B,A,B,A,B,B,B,A,B,B
PZE_105031844,B,A,B,A,B,B,B,A,B,B
PZE_105033111,B,A,B,A,B,B,B,A,B,B
SYN21201,B,A,B,A,B,B,B,A,B,B
PZE_105037660,B,A,B,A,B,B,B,A,B,B
PZE_105040234,B,A,B,A,B,B,B,A,B,B
PZE_105042963,A,A,B,A,B,B,B,A,B,B
SYN11795,B,A,B,A,B,B,B,A,B,B
PZE_105049996,A,A,B,A,B,B,B,A,B,B
PZE_105050537,B,A,B,A,B,B,B,A,B,B
PZE_105053747,B,A,B,A,B,B,B,A,B,B
PZE_105057600,B,A,B,A,B,B,B,A,B,B
PZE_105061350,A,A,B,A,B,B,B,A,B,B
PZE_105065758,B,A,B,A,B,B,B,A,B,B
PZE_105067125,B,A,B,A,B,B,B,A,B,B
SYN34071,A,A,B,A,B,B,B,A,A,B
PZE_105074598,A,A,B,A,B,B,B,A,A,B
PZE_105078090,A,A,B,A,B,B,B,A,A,B
PZE_105090726,B,A,B,A,B,B,B,A,B,B
PZE_105098779,A,A,B,A,B,B,B,A,A,B
PZE_105100878,A,A,B,A,B,B,B,A,A,B
PUT_163a_4174532_2029,B,A,B,A,B,B,B,A,B,B
PUT_163a_18162524_1229,B,A,B,A,B,B,B,A,B,B
SYN27038,B,A,B,A,B,B,B,A,B,B
PZE_105110067,A,A,B,A,B,A,B,A,A,B
SYN30458,A,A,B,A,B,A,B,A,A,B
SYN34468,A,A,B,A,B,A,B,A,A,B
PUT_163a_4573181_2059,B,A,B,A,B,B,B,A,B,B
PZE_105114470,B,A,B,A,B,B,B,A,B,B
SYN36136,B,B,B,A,B,B,B,A,B,B
PZE_105115904,B,B,B,A,B,B,B,A,B,B
SYN34521,A,A,B,A,B,A,B,A,A,B
SYN31820,B,B,B,A,B,A,B,A,A,B
PZE_105121226,B,A,B,A,B,B,B,A,B,B
SYN12712,B,B,B,A,B,B,B,A,B,B
PZE_105126109,B,B,B,A,B,A,B,A,A,B
PZE_105128217,B,A,B,A,B,B,B,A,B,B
PZE_105129422,B,A,B,A,B,A,B,A,A,B
SYN16485,B,A,B,A,B,A,B,A,A,B
SYN16484,B,A,B,A,B,B,B,A,B,B
SYN35847,B,A,B,A,B,A,B,A,A,B
SYN14521,B,A,B,A,B,A,B,A,A,B
SYN31644,B,B,B,A,B,A,B,A,A,B
SYN27782,B,A,B,A,B,A,B,A,A,B
SYN29255,B,A,B,A,B,B,B,A,B,B
SYN1176,B,A,A,A,B,B,B,A,B,B
PZE_105141391,B,A,A,A,B,A,B,A,A,B
SYN34083,B,A,A,A,B,B,B,A,B,B
PZE_105146498,B,A,A,A,B,B,B,A,B,B
PZE_105149244,B,A,A,A,B,B,B,A,B,B
SYN2083,B,A,A,A,B,A,B,A,A,B
SYN29327,B,A,A,A,B,B,B,A,B,B
SYN22059,B,A,A,A,B,A,B,A,A,B
SYN24659,B,B,B,A,B,A,B,A,A,B
SYN1884,B,A,A,A,B,A,B,A,A,B
SYN1926,B,B,B,A,B,A,B,A,A,B
SYN36851,B,A,A,A,B,B,B,A,B,B
PZB02189_6,B,B,B,B,B,B,B,A,B,B
PZE_106000007,B,B,B,B,B,B,A,B,B,A
PZA00606_3,B,A,A,A,B,B,A,B,A,A
PZE_106001672,B,B,B,B,B,B,A,B,B,B
PZE_106003203,B,A,A,A,B,B,A,B,A,B
SYN39272,B,A,A,A,B,B,A,B,A,A
PZE_106005094,B,A,B,B,B,B,A,B,B,B
SYN10561,B,A,A,A,B,B,A,B,A,A
PZE_106007410,B,A,B,B,B,B,A,B,B,B
PZE_106010115,B,A,B,B,B,B,A,B,B,B
PZE_106013654,B,A,B,B,B,B,A,B,B,B
SYN11613,B,A,B,B,B,B,A,B,B,B
PZE_106035079,B,A,B,A,B,B,A,B,A,A
PZE_106039882,B,A,B,B,B,B,B,B,B,B
PZE_106041604,B,A,B,B,B,B,A,B,B,B
SYN11803,B,A,B,B,B,B,A,B,B,B
PZE_106045024,B,B,B,B,B,B,A,B,B,B
PZE_106046102,B,A,B,A,B,B,B,B,A,A
PZE_106047470,B,A,B,A,B,B,A,B,A,A
PZE_106048958,B,B,B,B,B,B,B,B,B,B
SYN3641,B,A,B,A,B,B,A,B,A,A
PZE_106051936,B,B,B,B,B,B,A,B,B,B
PZE_106052904,B,A,B,A,B,B,B,B,A,A
SYN12088,B,A,B,A,B,B,B,B,A,A
PZE_106054425,B,B,B,B,B,B,A,B,B,B
SYN23500,B,A,B,A,B,B,A,B,A,A
PZE_106057989,B,A,B,A,B,B,A,B,A,A
PZE_106059535,B,A,B,A,B,B,B,B,A,A
SYN24768,B,B,B,B,B,B,B,B,B,B
PZE_106061055,B,A,B,A,B,B,B,B,A,A
SYN30628,B,B,B,B,B,B,A,B,B,B
PZE_106062474,B,B,B,B,B,B,B,B,A,A
PZE_106065285,B,B,B,B,B,B,A,B,A,A
SYN23913,B,B,A,B,B,B,B,B,A,A
SYN29425,B,B,A,B,B,B,A,B,A,A
PUT_163a_86468823_4491,B,B,A,B,B,B,A,A,B,B
SYN26935,B,B,A,B,B,B,B,B,B,B
PZE_106070387,B,B,A,B,B,B,A,A,A,A
PZE_106072074,B,B,A,B,B,B,B,B,B,B
SYN24366,B,B,A,B,B,B,A,A,B,B
PZE_106075520,B,B,A,B,B,B,A,A,A,A
PZE_106076828,B,B,A,B,B,B,A,A,B,B
PZA00250_1,B,B,A,B,B,B,A,A,B,B
PZE_106083170,B,B,A,B,B,B,A,A,A,A
SYN26383,B,B,A,B,B,B,B,B,B,B
SYN32129,B,B,A,B,B,B,A,A,A,A
SYN27107,B,B,A,B,B,B,A,A,A,A
PZE_106092386,B,B,A,B,B,B,A,A,A,A
PZE_106093812,B,B,B,B,B,B,A,A,B,B
SYN4801,B,B,A,B,B,B,A,A,A,A
SYN11808,B,B,B,B,B,B,A,A,B,B
SYN11809,B,B,B,A,B,B,B,A,B,B
PZE_106096872,B,B,B,A,B,B,A,A,B,B
SYN37999,B,B,B,A,B,B,B,A,B,B
SYN35959,B,B,B,A,B,B,A,A,A,B
SYN30391,B,B,B,A,B,B,B,A,B,B
SYN24056,B,B,B,B,B,B,B,A,B,B
SYN24461,B,B,B,B,B,B,B,A,B,B
PZE_106103012,B,B,B,B,B,B,A,A,A,B
SYN23855,B,B,B,B,B,B,B,A,B,B
PZE_106106877,B,B,B,B,B,B,A,A,B,B
SYN23624,B,B,B,B,B,B,A,A,B,B
SYN3998,B,B,B,B,B,B,A,A,B,B
SYN19164,B,B,A,B,B,B,A,A,B,B
SYN19161,B,B,A,B,B,B,A,A,B,B
SYN27121,B,B,A,B,B,B,A,A,B,B
SYN26168,B,B,B,B,B,B,B,B,B,B
SYN23743,B,B,A,B,B,B,A,A,B,B
PZE_106116673,B,B,A,B,B,B,A,A,B,B
PUT_163a_60338619_2360,B,B,B,B,B,B,B,B,B,B
SYN22989,B,B,A,B,B,B,A,A,B,B
SYN16022,B,B,B,B,B,B,B,B,B,B
SYN13307,B,B,A,B,B,B,A,A,B,B
SYN13308,B,B,A,B,B,B,A,A,B,B
SYN24882,B,B,B,B,B,B,B,B,B,B
SYN10686,B,B,B,B,B,B,B,B,B,B
PZA02141_1,B,B,B,B,B,B,B,B,B,B
SYN5884,B,B,A,B,B,B,A,A,B,A
PZE_106126296,B,B,B,B,B,B,B,B,B,B
PZE_106128315,B,B,B,B,B,B,B,B,B,B
SYN24811,A,B,B,B,B,B,B,B,B,B
SYN15208,A,B,A,B,B,B,A,A,B,A
SYN23973,A,A,A,B,A,A,A,A,A,B
PZE_107005418,B,B,B,B,B,B,B,A,A,B
SYN25440,A,A,A,B,A,A,A,A,A,B
PZE_107006511,A,A,A,B,A,A,A,A,A,B
SYN21564,A,A,A,B,A,A,A,A,A,B
SYN21560,A,A,A,B,A,A,A,A,A,B
SYN4744,A,A,A,B,A,A,A,A,A,B
SYN3807,A,A,A,B,A,A,A,A,A,B
PZE_107009278,A,A,A,B,A,A,A,A,A,B
SYN36033,B,B,B,B,B,B,B,A,A,B
PZE_107010433,B,B,B,B,B,B,B,A,A,B
SYN32202,B,B,B,B,B,B,B,A,A,B
SYN18116,B,B,B,B,B,B,B,A,A,B
SYN36577,B,B,B,B,B,B,A,A,A,B
PUT_163a_50327005_2185,B,B,B,B,B,B,B,A,A,B
SYN33126,A,A,A,B,A,A,B,A,A,B
PZE_107016614,B,B,B,B,B,B,A,A,A,B
SYN26435,A,A,A,B,A,A,A,A,A,B
PZE_107017614,A,A,A,B,A,B,B,A,A,B
PZE_107019072,B,B,B,B,B,B,B,A,A,B
SYN10101,A,A,A,B,A,B,A,A,A,B
SYN23593,A,A,A,B,A,B,A,A,A,B
PZE_107026046,A,A,A,B,A,B,B,A,A,B
PZE_107031924,B,B,B,B,B,B,B,A,A,B
PZE_107044548,B,B,B,B,B,B,B,A,A,B
PZE_107053268,B,B,B,B,B,B,B,A,A,B
PZE_107054656,B,B,B,B,B,B,B,A,A,B
SYN39188,A,A,A,B,A,B,B,A,A,B
SYN36345,A,A,A,B,A,B,B,A,A,A
SYN3200,A,A,A,B,A,B,B,A,A,A
SYN3716,B,B,B,B,B,B,B,A,A,A
PZE_107065974,B,B,B,A,B,B,B,A,A,A
PZE_107067062,B,B,B,A,B,B,B,A,A,A
PZE_107068407,B,B,B,A,B,B,B,A,A,A
PZE_107070761,B,B,B,B,B,B,B,A,A,A
SYN17089,A,A,A,A,A,B,B,A,A,A
PZE_107073339,A,A,A,B,A,B,B,A,A,A
SYN28758,A,A,A,B,A,B,B,A,A,A
PZE_107074755,A,A,A,A,A,B,B,A,A,A
SYN17332,A,A,A,A,A,B,B,A,A,A
PZE_107076020,A,A,A,A,A,B,B,A,A,A
PZE_107076684,A,A,A,A,A,B,B,A,A,A
SYN35079,A,A,A,A,A,B,B,A,A,A
SYN32295,B,B,B,B,A,B,B,A,A,A
SYN22406,B,B,B,A,A,B,B,A,A,A
PZE_107084474,A,B,B,A,A,B,B,A,A,A
SYN22167,A,A,A,B,A,B,B,A,A,A
PZE_107087898,A,B,B,B,A,B,B,A,A,A
SYN24395,A,B,B,A,A,B,B,A,A,A
SYN32262,A,A,B,B,A,B,B,A,A,A
PZE_107097026,A,B,B,B,A,B,B,A,A,A
PZE_107098163,A,A,B,B,A,B,B,A,A,A
PZE_107099144,A,A,B,A,A,B,B,A,A,A
PZE_107100523,A,A,B,A,A,B,B,A,A,A
PZE_107102206,A,A,B,B,A,B,B,A,A,A
PZE_107103880,A,A,B,B,A,B,B,A,A,A
PZE_107105855,A,A,B,B,A,B,B,A,B,A
PZE_107106251,A,A,B,A,A,A,B,A,A,B
PZE_107106472,A,A,B,B,A,B,B,A,B,B
PZE_107108370,A,A,B,A,A,A,B,A,A,B
SYN3350,A,A,B,B,A,B,B,A,B,B
SYN10522,A,A,B,A,A,A,B,A,A,B
SYN15451,A,A,B,B,A,B,B,A,B,B
PZE_107113339,A,A,B,B,A,B,B,A,B,B
SYN25311,A,A,B,A,A,A,B,A,A,B
PZE_107116723,A,A,B,A,A,A,B,A,A,B
PZE_107117917,A,A,B,A,A,A,B,A,A,B
PZE_107118743,B,A,B,A,A,A,B,A,A,B
SYN13029,A,A,B,B,A,B,B,A,B,B
PZE_107119968,B,A,B,B,A,B,B,A,B,B
SYN12703,A,A,B,A,A,A,B,A,B,A
SYN20121,B,B,B,B,A,B,B,B,B,B
PZE_107123572,A,A,B,A,A,A,B,B,B,A
SYN12253,A,A,B,A,A,B,B,B,B,B
PZE_107126296,A,A,A,A,A,A,B,B,B,B
SYN30795,B,B,B,B,A,B,B,B,B,B
SYN10749,B,B,B,B,A,B,B,B,B,B
SYN34109,A,A,B,A,A,B,A,B,B,B
PZE_108000683,B,B,A,A,B,A,A,A,A,B
SYN25099,A,B,A,A,A,A,A,A,A,A
PUT_163a_13557719_256,A,B,A,B,A,A,B,B,A,A
SYN10808,A,B,A,A,A,A,A,A,A,A
PZE_108002846,A,B,A,A,A,A,A,A,A,A
SYN17938,B,B,A,B,B,B,B,B,A,B
PZA_002174002,A,A,A,A,B,B,A,A,A,B
PZE_108004350,B,B,A,B,A,B,B,B,A,A
PZE_108004388,B,B,A,B,B,B,B,B,A,B
SYN12530,B,B,A,B,B,B,B,B,A,B
SYN34214,B,B,A,A,B,B,A,A,A,B
PZE_108005605,B,B,A,A,B,B,A,A,A,B
SYN3883,B,A,A,B,A,B,B,B,A,A
SYN10427,B,B,A,B,B,B,B,B,A,B
PZE_108007013,B,A,A,A,A,B,A,A,A,A
SYN20700,B,B,A,B,B,B,B,B,A,B
PZE_108008403,B,B,A,B,B,B,B,B,A,B
PZE_108008825,B,B,A,B,B,B,B,B,A,A
PZE_108009251,B,B,A,B,B,B,B,B,A,A
SYN36558,B,A,A,A,A,B,A,A,A,A
PZE_108010981,B,B,A,A,B,B,B,A,A,A
PZE_108011830,B,A,A,A,A,B,A,A,A,A
SYN3396,B,B,B,A,B,B,B,B,A,A
PZE_108013234,B,A,A,A,B,B,A,A,A,A
PZE_108013757,B,A,A,A,B,B,A,A,A,A
SYN35072,B,B,B,A,B,B,B,A,A,A
PZE_108016244,B,A,A,A,B,B,A,A,A,A
PZE_108017417,B,A,A,A,B,B,A,B,A,A
PZE_108019790,B,B,B,A,B,B,B,A,A,A
PZE_108018485,B,A,A,A,B,B,A,A,A,A
PZE_108021327,B,A,A,A,B,B,A,B,A,A
PZE_108021864,B,A,A,A,B,B,A,A,A,A
SYN17577,B,B,B,A,B,B,B,A,A,A
PZE_108023615,B,B,A,B,B,B,B,B,A,A
PZE_108024348,B,A,A,A,B,B,A,A,A,A
SYN19605,B,A,A,A,B,B,A,A,A,A
PZE_108032283,B,B,B,B,B,B,B,B,A,A
PZE_108042761,B,A,A,B,B,B,A,B,A,A
SYN12525,B,B,B,A,B,B,B,A,A,A
SYN2884,B,B,B,B,B,B,B,B,A,A
PZE_108045907,B,B,B,B,B,B,B,B,A,A
SYN30907,B,A,A,A,B,B,A,A,A,A
PZE_108053704,B,A,A,A,B,B,A,A,A,A
PZE_108054215,B,B,B,A,B,B,B,A,A,A
SYN17876,B,B,B,B,B,B,B,B,A,A
SYN30221,B,B,B,A,A,B,B,A,A,A
PZE_108058161,B,B,B,A,A,B,B,A,A,A
PZE_108059057,B,A,A,A,A,B,A,A,A,A
PZE_108061313,B,B,A,A,A,B,B,A,A,A
PUT_163a_78092237_4250,B,B,A,B,B,B,B,B,A,A
PZE_108063794,B,B,A,B,B,B,B,B,A,A
PZE_108065744,B,A,A,A,A,B,A,A,A,A
SYN27931,B,B,A,A,A,B,B,A,A,A
PZE_108067569,B,A,A,B,B,B,A,B,A,A
PUT_163a_74234257_3606,B,A,A,B,B,B,A,B,A,A
PZE_108071079,A,A,A,A,A,A,A,A,A,A
SYN15433,A,A,A,A,A,A,A,B,A,A
SYN11836,B,A,A,B,B,B,A,B,A,A
PUT_163a_71423233_3216,B,A,A,B,B,B,A,B,A,A
PZE_108080736,B,A,A,B,B,B,A,B,A,A
SYN38887,A,B,A,A,A,A,B,B,A,A
PZE_108107072,B,B,A,B,B,B,B,B,B,A
SYN15878,A,B,A,A,A,A,A,A,B,A
PZE_108109498,A,A,A,A,A,A,A,A,A,A
SYN14062,A,A,A,A,A,A,A,A,A,A
PZE_108111762,B,A,A,B,B,B,A,B,A,A
SYN23212,A,A,A,A,A,A,A,A,A,A
SYN30178,A,A,A,A,A,A,A,A,A,A
SYN32177,A,B,A,A,A,A,A,A,A,A
PZE_108116213,A,A,A,A,A,A,A,A,A,A
PZE_108117199,B,B,A,B,A,B,A,B,B,A
SYN31086,A,A,A,A,A,A,A,A,A,A
PZE_108118398,A,A,A,A,A,B,A,B,B,A
PZE_108119072,B,B,A,A,B,A,A,B,A,A
SYN29149,B,B,A,A,B,B,A,B,B,A
SYN20446,B,B,A,A,B,A,A,B,A,A
SYN36468,A,A,A,A,A,A,A,B,A,A
PUT_163a_76010623_3722,A,A,A,A,A,B,A,B,B,A
SYN21960,A,A,A,A,A,A,A,B,A,A
PZE_108124414,B,B,A,A,B,A,A,B,A,A
SYN23844,A,A,A,A,A,A,A,B,A,A
SYN36002,A,A,A,A,A,B,A,B,B,A
SYN36001,A,A,A,A,A,A,A,B,A,A
PZE_108126650,A,A,A,A,A,A,A,B,A,A
PZA00189_23,A,B,A,A,B,B,A,B,B,A
SYN4414,A,A,A,A,A,A,A,B,A,A
PUT_163a_71311544_3116,A,B,A,A,B,B,A,B,B,A
SYN15043,A,A,A,A,A,A,A,B,A,A
SYN4930,A,B,A,A,B,B,A,B,A,A
PZA02281_3,A,B,A,A,B,B,A,B,B,A
PZE_108133242,A,B,A,A,B,B,A,B,A,A
SYN10423,A,B,A,A,B,B,A,B,B,A
PZE_108133741,A,A,A,A,A,A,A,B,B,A
SYN36374,A,A,A,A,A,A,A,B,B,A
SYN29575,A,B,A,A,B,B,A,B,B,A
SYN20808,B,B,A,A,B,B,A,A,A,A
PZE_109000143,B,A,A,A,A,B,B,A,A,A
SYN21732,A,A,A,A,A,A,A,A,A,A
PZE_109001536,B,A,A,A,A,B,B,A,A,A
SYN36188,A,A,A,A,A,A,A,A,A,A
PZE_109003046,B,A,A,A,A,B,B,A,A,A
PZE_109003305,B,A,B,B,B,B,B,B,A,A
SYN30861,A,A,A,A,A,A,A,A,A,A
SYN35081,A,A,A,A,A,A,A,A,A,B
PZE_109006201,A,A,A,A,A,A,A,A,A,B
PZE_109006992,A,A,A,A,A,A,A,A,A,A
SYN39069,B,A,B,B,B,A,B,B,A,B
SYN13447,A,A,B,A,B,A,A,B,A,A
SYN19752,B,A,B,B,B,A,B,B,A,B
SYN20011,A,A,A,A,A,A,A,A,A,A
SYN11737,A,A,A,A,A,A,A,A,A,A
PZE_109009392,A,A,A,A,A,A,A,A,A,A
PZE_109009763,B,A,A,B,A,A,B,A,A,B
PZE_109010476,B,A,B,B,B,B,B,B,A,B
PZE_109011385,A,A,A,B,A,A,B,A,A,A
SYN2758,A,A,B,B,B,B,B,A,A,A
PZE_109013000,A,A,B,B,A,A,B,A,A,A
SYN35320,A,A,B,B,A,A,B,A,A,A
SYN12315,A,A,B,B,A,A,B,A,A,A
SYN11769,A,A,B,A,B,B,B,A,A,A
PZE_109015133,A,A,B,B,B,B,B,A,A,A
PZE_109015314,A,A,B,B,A,B,B,A,A,A
PZE_109016177,A,A,B,A,A,A,A,A,A,A
SYN16077,A,A,B,B,A,B,B,A,A,A
PZE_109016955,A,A,B,A,A,A,A,A,A,A
PZE_109018303,A,A,B,B,A,B,B,A,A,B
SYN18694,A,A,B,A,A,A,A,A,A,A
SYN29881,A,A,B,B,A,B,B,A,A,B
SYN15749,A,A,B,A,A,A,A,A,A,A
PZE_109022427,A,A,B,B,A,B,B,A,A,B
SYN34183,A,A,B,A,A,B,B,A,A,B
SYN28207,A,A,B,B,A,B,B,A,A,B
PZE_109026940,A,A,B,A,A,A,B,A,A,A
PZE_109029553,A,A,B,A,A,B,B,B,A,B
SYN38486,A,A,B,B,A,B,B,B,A,B
PZE_109055553,A,A,B,A,A,A,B,A,A,A
PZE_109057545,A,A,B,A,A,A,A,A,A,A
PZE_109060496,A,A,B,A,B,A,B,B,A,B
SYN37617,A,A,B,A,A,A,A,A,A,A
PZE_109066337,A,A,B,B,A,B,A,A,A,A
SYN21230,A,A,B,B,A,B,A,A,A,A
PZE_109068561,A,A,B,B,B,B,B,B,A,B
SYN18130,A,A,B,B,B,B,B,B,A,B
PZE_109073134,A,A,B,B,B,B,B,B,A,B
SYN22541,A,A,B,A,A,B,A,A,A,A
PZE_109077509,A,A,B,A,A,B,A,A,A,A
PZE_109078597,A,A,B,A,B,B,B,B,A,B
SYN24353,A,A,B,A,B,B,B,B,A,B
SYN3443,A,A,B,A,B,B,B,B,A,B
PZA01866_1,A,A,B,A,B,B,B,B,A,B
PZE_109086097,A,A,B,A,A,B,A,A,B,A
PZE_109087484,A,A,B,B,B,B,B,B,B,B
PZE_109088452,A,A,B,B,B,B,B,B,B,B
PZE_109089873,A,A,B,B,B,B,B,B,B,B
PZE_109091377,A,A,B,A,A,B,A,A,B,A
PZE_109093491,A,A,B,B,A,B,A,A,B,A
SYN32361,A,A,B,B,A,B,A,A,B,A
SYN11597,B,A,B,B,A,B,A,B,B,A
SYN26727,A,A,B,B,B,B,B,B,B,A
PZE_109097202,A,A,B,B,A,B,A,B,B,A
SYN30940,B,A,B,B,A,B,A,B,B,B
PZE_109098496,B,A,B,B,A,B,B,B,B,B
SYN27711,B,A,B,B,A,B,B,B,B,B
SYN22241,B,A,B,B,A,B,A,B,B,B
SYN25124,A,A,B,B,A,B,A,B,B,A
SYN30124,B,A,B,B,A,B,A,B,B,B
PZE_109102962,B,A,B,B,A,B,A,B,B,B
PZA02197_1,B,A,B,B,A,B,A,B,B,B
SYN10263,B,A,B,B,A,B,A,B,B,B
PZE_109107497,A,A,A,B,A,B,A,B,B,A
PZE_109109275,B,A,B,B,A,B,A,B,B,B
PZE_109109692,A,A,A,B,A,B,A,B,B,A
PZE_109109991,B,A,B,B,A,B,A,B,B,B
PZE_109110253,B,A,B,B,A,B,A,B,B,B
SYN5447,A,A,A,B,A,A,A,B,B,A
PZE_109111133,A,A,A,B,A,A,A,B,B,A
SYN35714,A,A,A,B,A,A,A,B,B,A
PUT_163a_4621424_2088,B,A,B,B,A,B,A,B,B,B
SYN10591,A,A,A,B,A,A,A,B,B,A
PUT_163a_50330000_2208,B,A,B,B,A,B,A,B,B,B
PZE_109115897,B,A,B,B,A,B,A,B,B,B
PZE_109116477,B,A,B,B,B,B,B,B,B,B
SYN24345,B,A,B,B,B,B,B,B,B,B
SYN24330,B,A,A,B,B,B,B,A,B,B
SYN24328,A,A,B,B,B,A,A,A,B,A
SYN15948,A,A,A,A,B,A,A,A,B,A
SYN13953,B,A,A,A,B,B,B,A,B,B
PZE_109119946,A,A,A,A,B,A,A,A,B,A
PUT_163a_16922936_1081,B,A,A,A,B,B,B,A,B,B
SYN17514,B,B,A,B,A,B,B,B,B,B
SYN16185,A,B,A,B,A,A,A,A,B,A
SYN16805,A,B,A,B,A,A,A,A,B,A
SYN12396,A,A,A,B,A,A,A,A,B,A
SYN12401,A,A,A,B,A,A,A,A,B,A
SYN17105,A,A,A,A,A,A,A,A,B,A
SYN14833,A,A,A,A,A,A,A,A,B,A
SYN4471,A,B,A,B,B,A,A,A,B,A
SYN17783,B,B,A,B,B,B,B,B,B,B
SYN16720,B,A,A,A,A,B,B,B,B,B
PZE_110009032,A,A,A,A,A,B,A,A,B,A
PZE_110009334,A,B,A,B,A,B,A,A,B,A
SYN23776,A,B,B,B,B,B,A,B,B,A
PZE_110012285,A,B,B,B,B,B,A,B,B,A
PZE_110013051,A,B,B,B,B,B,A,B,B,A
PZE_110014718,A,B,B,B,B,B,A,B,B,A
PZE_110016084,A,B,B,B,B,B,A,B,B,A
PZE_110019712,A,B,B,B,B,B,A,B,B,B
PZE_110020197,A,A,A,A,A,B,A,A,B,A
PZE_110033293,A,A,A,A,A,B,A,A,B,A
PZE_110039284,A,A,A,A,A,B,A,A,B,A
PZE_110042215,A,A,B,A,B,B,A,B,B,A
PZE_110044190,A,B,B,B,B,B,A,B,B,B
PZE_110048720,A,A,A,A,A,B,A,A,B,A
SYN15824,A,A,A,A,A,B,A,A,B,A
SYN1116,A,B,B,B,B,B,A,B,B,B
PZE_110062653,B,B,A,B,A,B,A,A,B,B
SYN30375,B,B,B,B,B,B,A,B,B,B
PZE_110069835,A,B,A,A,A,B,A,A,B,A
SYN18871,A,B,A,A,A,B,A,A,B,A
PZE_110073500,B,B,B,B,B,B,A,B,B,B
PZE_110074757,A,B,A,A,A,B,A,A,B,A
PZE_110076741,B,B,B,A,B,B,A,B,B,B
PZE_110078631,A,B,A,A,A,B,A,A,B,A
SYN4826,A,B,A,A,A,B,A,A,B,A
PZE_110082048,A,B,A,A,A,B,A,A,B,A
SYN18730,A,B,A,A,A,B,A,A,B,A
PZE_110084754,B,B,B,A,B,B,A,B,B,B
SYN28385,A,B,A,A,A,B,A,A,B,A
PZE_110086343,B,B,B,A,B,B,A,B,B,B
SYN21905,A,A,B,A,B,B,A,B,B,A
PZE_110089201,B,B,B,A,B,B,A,B,B,B
SYN13120,B,B,B,A,B,B,A,B,B,B
PZE_110093416,B,B,B,A,B,B,A,B,B,B
SYN36714,B,B,B,A,A,A,A,A,B,B
SYN16965,B,B,B,A,B,A,A,B,B,B
SYN1018,A,A,B,A,A,A,A,A,B,A
PUT_163a_29544531_1779,B,B,B,A,B,A,A,B,B,B
PZE_110097359,A,A,B,A,B,A,A,B,B,A
SYN6070,B,B,B,A,A,A,A,B,B,B
SYN4350,A,A,B,A,A,A,A,B,B,A
PZE_110099681,B,B,B,A,A,A,A,B,B,B
PZE_110100685,A,A,B,A,B,A,A,B,B,A
PZE_110101412,A,A,B,A,B,A,A,B,B,A
SYN11610,A,A,B,A,A,A,A,A,B,A
SYN15271,A,A,B,A,A,A,A,A,B,A
SYN12666,A,A,B,A,A,A,A,A,B,A
SYN19616,A,A,B,A,B,A,A,A,B,A
SYN35585,A,A,A,A,A,A,A,A,B,A
PZE_110105598,B,B,B,A,B,A,B,A,B,B
SYN22560,B,B,A,A,B,A,B,A,B,B
SYN19209,A,A,A,A,A,A,A,A,B,A
SYN19290,A,A,B,A,A,A,A,A,B,A
PZE_110109364,A,A,B,A,A,A,A,A,B,A
SYN13564,B,B,A,A,B,A,B,B,B,B
