SNP,B73,Mo17,W22,FV2
PZE_101000088,A,B,B,A
PZE_101001587,A,B,A,A
SYN2545,A,B,A,A
SYN30742,A,B,A,B
SYN11492,A,B,B,B
SYN11494,A,B,B,A
SYN5934,A,B,B,B
SYN11315,A,B,A,B
SYN11325,A,B,A,A
SYN10139,A,B,B,B
PZE_101009528,A,B,A,A
PZE_101011048,A,B,B,B
PZE_101011906,A,B,B,B
PZE_101014003,A,B,B,A
SYN11901,A,B,A,A
SYN11910,A,B,A,B
SYN10548,A,B,B,A
SYN2431,A,B,A,B
PZE_101018261,A,B,B,B
PZE_101019537,A,B,A,A
PZE_101020456,A,B,A,B
SYN372,A,B,B,B
PZE_101021930,A,B,B,A
SYN12538,A,B,A,A
PZE_101024131,A,B,B,B
PUT_163a_149070811_822,A,B,A,B
SYN31166,A,B,B,B
SYN5068,A,B,A,A
SYN14297,A,B,B,A
SYN33277,A,B,A,A
SYN30822,A,B,A,B
SYN16133,A,B,A,A
PZE_101033801,A,B,B,A
SYN430,A,B,B,B
PZE_101036181,A,B,A,A
PZE_101036799,A,B,A,A
PZE_101037751,A,B,B,B
SYN248,A,B,A,B
SYN21657,A,B,A,B
PZE_101043094,A,B,A,B
PZE_101044686,A,B,B,B
PZE_101047239,A,B,A,A
SYN468,A,B,A,B
PZE_101048890,A,B,A,A
SYN34505,A,B,B,B
PZE_101050744,A,B,A,B
PZE_101051764,A,B,B,B
SYN34675,A,B,A,A
SYN15466,A,B,B,B
SYN36556,A,B,A,A
SYN13385,A,B,A,A
SYN3007,A,B,B,A
SYN37816,A,B,B,B
PUT_163a_4730462_2144,A,B,A,B
PZE_101068578,A,B,B,B
PZE_101069206,A,B,B,A
PZE_101071285,A,B,B,B
PZE_101073762,A,B,A,A
SYN37946,A,B,B,B
SYN30400,A,B,B,B
SYN35687,A,B,A,A
SYN25173,A,B,A,A
SYN35766,A,B,B,B
SYN38511,A,B,B,B
PZE_101085909,A,B,B,A
PHM5306_16,A,B,B,B
SYN23488,A,B,A,A
PZE_101090113,A,B,A,A
PZE_101093764,A,B,A,B
SYN309,A,B,A,B
SYN18447,A,B,A,A
PZE_101100033,A,B,B,B
PZE_101101977,A,B,B,B
SYN33285,A,B,A,A
SYN2447,A,B,A,A
PZE_101126822,A,B,A,B
PZE_101129131,A,B,A,A
PZE_101134316,A,B,B,A
SYN26373,A,B,A,B
PZE_101138282,A,B,B,A
SYN19659,A,B,A,A
SYN35729,A,B,B,B
PZE_101141198,A,B,A,B
SYN1730,A,B,B,A
PZE_101143985,A,B,A,A
SYN11639,A,B,A,A
PZE_101145571,A,B,A,A
PZE_101146635,A,B,A,A
SYN29735,A,B,A,B
SYN6423,A,B,B,A
SYN4981,A,B,A,B
PZE_101151332,A,B,A,B
SYN10893,A,B,A,B
SYN27911,A,B,B,A
SYN28737,A,B,B,B
PZE_101154578,A,B,B,B
PZE_101155828,A,B,B,A
PZE_101157898,A,B,B,B
SYN27496,A,B,A,A
SYN39120,A,B,B,B
PZE_101162348,A,B,B,B
SYN37671,A,B,A,A
SYN15312,A,B,A,A
SYN34585,A,B,B,A
SYN28181,A,B,A,A
PZE_101168672,A,B,B,B
PZE_101170679,A,B,B,A
SYN21837,A,B,B,A
PZE_101172846,A,B,B,A
SYN27089,A,B,A,A
SYN15636,A,B,B,B
SYN31264,A,B,B,B
PZE_101179823,A,B,B,A
PZE_101181728,A,B,B,A
PZE_101186140,A,B,A,A
SYN27669,A,B,B,A
PZE_101189246,A,B,A,A
SYN10493,A,B,B,B
PZE_101190298,A,B,A,B
PZE_101191080,A,B,B,B
SYN31513,A,B,A,A
SYN13216,A,B,A,A
PZE_101195800,A,B,B,B
SYN14441,A,B,B,B
SYN36250,A,B,A,A
SYN13479,A,B,B,B
PZE_101201243,A,B,B,A
SYN6273,A,B,B,B
PZE_101206027,A,B,B,B
PZE_101207166,A,B,B,A
PZE_101207960,A,B,A,B
SYN12,A,B,B,A
PZE_101209157,A,B,B,A
SYN271,A,B,A,B
SYN37125,A,B,A,A
PZE_101214804,A,B,B,B
PZE_101217474,A,B,A,B
PZE_101220098,A,B,A,A
SYN20137,A,B,A,B
SYN11880,A,B,A,A
SYN16769,A,B,A,A
PZE_101229795,A,B,A,A
PUT_163a_71305340_3083,A,B,B,B
SYN27285,A,B,B,A
SYN32982,A,B,B,A
SYN2055,A,B,B,A
SYN10358,A,B,A,A
SYN5998,A,B,B,A
PUT_163a_88747038_4526,A,B,B,B
SYN20048,A,B,A,A
PZE_101237701,A,B,A,B
SYN32910,A,B,A,A
SYN38901,A,B,B,A
SYN37693,A,B,B,A
PZE_101241854,A,B,B,B
PUT_163a_74238957_3642,A,B,A,B
PZE_101244344,A,B,A,B
SYN33501,A,B,A,A
SYN12807,A,B,A,A
SYN26420,A,B,B,B
PZA00276_18,A,B,B,B
SYN38692,A,B,A,A
PUT_163a_76012177_3730,A,B,A,B
SYN12422,A,B,A,B
SYN14020,A,B,A,B
PZE_101252431,A,B,A,B
SYN2035,A,B,B,B
SYN25989,A,B,B,B
PZE_101254612,A,B,A,A
SYN16121,A,B,B,B
PZE_101256851,A,B,A,B
PUT_163a_78092140_4247,A,B,B,B
SYN20785,A,B,B,B
SYN4121,A,B,B,A
SYN148,A,B,A,A
PHM13440_11,A,B,A,A
PZA02175_1,A,B,B,B
PZA00902_1,A,B,B,A
PZA_002264005,A,B,A,A
SYN23899,A,B,A,B
SYN2664,A,B,A,B
SYN31700,A,B,B,B
SYN31118,A,B,B,B
SYN3550,A,B,A,A
SYN10369,A,B,A,A
PZE_102012595,A,B,A,B
SYN27979,A,B,A,A
SYN2692,A,B,A,B
SYN1142,A,B,B,A
SYN4734,A,B,A,B
SYN4738,A,B,B,B
SYN11386,A,B,B,B
SYN38155,A,B,A,A
SYN13012,A,B,B,B
SYN5491,A,B,B,B
SYN36013,A,B,B,B
PZE_102027555,A,B,A,A
SYN6380,A,B,B,B
SYN240,A,B,B,A
PZE_102032550,A,B,A,A
PZE_102032700,A,B,A,A
SYN266,A,B,B,B
PZE_102035734,A,B,A,B
SYN20892,A,B,B,B
PZE_102038457,A,B,A,A
PZE_102039584,A,B,B,B
SYN24572,A,B,A,A
PZE_102040639,A,B,B,A
SYN29040,A,B,A,A
SYN25976,A,B,B,B
SYN21122,A,B,B,A
SYN635,A,B,B,B
SYN3949,A,B,A,A
SYN2574,A,B,B,A
SYN19565,A,B,B,B
SYN318,A,B,A,A
PZE_102056594,A,B,B,B
SYN21334,A,B,B,A
SYN28428,A,B,A,B
PZE_102062050,A,B,B,A
PZE_102062962,A,B,A,A
SYN11871,A,B,B,A
SYN5389,A,B,A,A
SYN38709,A,B,A,A
SYN243,A,B,B,A
PZE_102077000,A,B,B,B
PZE_102079038,A,B,A,A
PZE_102080745,A,B,A,A
PZE_102088058,A,B,B,A
PZE_102103687,A,B,A,A
SYN34892,A,B,B,A
PZE_102115210,A,B,A,A
PZE_102116253,A,B,A,A
SYN18935,A,B,B,B
PZE_102123339,A,B,B,B
SYN33470,A,B,B,B
SYN1715,A,B,B,A
SYN12139,A,B,B,B
SYN28452,A,B,A,A
PZE_102141932,A,B,B,B
PUT_163a_76292635_3968,A,B,B,B
SYN4463,A,B,A,A
PZE_102148653,A,B,B,B
SYN20821,A,B,B,A
PZE_102149979,A,B,A,A
SYN25686,A,B,A,A
PZE_102152341,A,B,A,A
SYN12058,A,B,A,A
SYN26925,A,B,B,B
SYN5375,A,B,A,B
SYN34747,A,B,A,B
PZE_102159951,A,B,A,B
PZE_102161343,A,B,A,B
SYN34830,A,B,A,A
PZE_102163896,A,B,A,B
PZE_102165274,A,B,B,B
SYN15076,A,B,B,B
SYN10128,A,B,B,A
SYN31932,A,B,B,B
SYN32350,A,B,A,B
PZE_102170912,A,B,A,B
SYN28589,A,B,A,B
PZE_102172862,A,B,A,A
SYN31065,A,B,A,A
PZE_102176551,A,B,B,B
PZE_102177216,A,B,A,A
SYN31670,A,B,A,A
SYN18370,A,B,B,A
SYN18298,A,B,A,B
PZE_102181729,A,B,A,B
SYN31625,A,B,B,B
SYN28305,A,B,B,A
PZE_102183628,A,B,A,A
PZE_102183761,A,B,B,A
PZE_102184881,A,B,B,B
PZE_102185564,A,B,B,B
SYN38986,A,B,B,A
PZE_102187385,A,B,B,A
SYN37221,A,B,B,A
SYN37222,A,B,B,B
SYN14633,A,B,A,B
PUT_163a_71446738_3385,A,B,B,B
SYN31202,A,B,B,B
PZE_102193904,A,B,A,A
PZA00309_1,A,B,A,B
PZE_103001531,A,B,B,B
PZE_103002726,A,B,A,A
SYN39150,A,B,B,A
SYN10208,A,B,B,B
SYN25632,A,B,A,B
SYN15338,A,B,B,B
PUT_163a_71423695_3220,A,B,B,B
SYN5646,A,B,A,A
PZE_103008604,A,B,A,B
SYN28478,A,B,B,A
PZA02678_1,A,B,A,B
PUT_163a_148951348_515,A,B,A,B
SYN14580,A,B,A,A
PZE_103015226,A,B,A,A
SYN13714,A,B,A,B
PZE_103016418,A,B,A,A
SYN10094,A,B,A,B
SYN24350,A,B,A,A
SYN38181,A,B,B,A
PZE_103019119,A,B,A,A
PZE_103020815,A,B,B,B
SYN37725,A,B,A,B
PZE_103022322,A,B,A,A
SYN33443,A,B,B,B
SYN33798,A,B,A,B
PZE_103027358,A,B,B,A
PZE_103030646,A,B,B,B
PZE_103031634,A,B,B,B
SYN32858,A,B,A,A
PUT_163a_110204885_63,A,B,B,B
PZE_103041113,A,B,B,B
PZE_103046325,A,B,A,B
PZE_103053111,A,B,B,B
PZE_103070590,A,B,A,A
PZE_103074774,A,B,B,B
PZE_103075826,A,B,B,A
PZE_103077634,A,B,B,B
PZE_103082609,A,B,A,B
PZE_103086783,A,B,B,B
SYN10940,A,B,A,A
SYN34785,A,B,A,A
PZE_103090925,A,B,A,A
PZE_103092754,A,B,A,A
PUT_163a_60398389_2973,A,B,A,B
PZE_103099066,A,B,B,B
SYN16048,A,B,B,A
PZE_103102032,A,B,B,B
SYN14727,A,B,A,A
PUT_163a_76293601_3974,A,B,B,B
PZE_103109369,A,B,A,B
PZE_103110860,A,B,A,B
PZE_103112971,A,B,B,B
SYN31233,A,B,B,B
PZE_103116145,A,B,B,B
PZE_103118006,A,B,B,B
SYN18160,A,B,B,B
PZE_103119687,A,B,A,A
SYN30212,A,B,B,A
SYN31222,A,B,A,A
SYN31225,A,B,B,B
PZE_103124901,A,B,B,A
PZE_103125579,A,B,B,B
PZE_103126215,A,B,A,A
SYN23233,A,B,A,B
PZE_103129454,A,B,A,A
PZE_103130978,A,B,A,A
PZE_103132150,A,B,A,B
PZE_103132614,A,B,B,B
PZE_103133568,A,B,A,A
SYN30268,A,B,A,A
SYN23092,A,B,B,A
SYN24182,A,B,A,A
SYN37387,A,B,B,A
PZE_103141953,A,B,B,A
SYN34418,A,B,A,B
PUT_163a_88754120_4563,A,B,B,B
SYN32692,A,B,B,A
PZE_103149272,A,B,B,B
PZE_103150041,A,B,B,A
SYN20313,A,B,A,B
PZE_103151399,A,B,B,A
PUT_163a_71761183_3448,A,B,B,B
PZE_103155594,A,B,B,A
PZE_103156977,A,B,B,B
SYN34635,A,B,B,A
SYN31429,A,B,B,B
PUT_163a_71440306_3328,A,B,A,B
PZE_103163035,A,B,B,B
SYN35424,A,B,A,B
SYN35556,A,B,A,A
SYN33391,A,B,A,A
PUT_163a_22545298_1589,A,B,A,B
SYN31522,A,B,B,A
SYN32258,A,B,B,A
SYN28000,A,B,B,B
SYN4045,A,B,A,B
PZE_103172732,A,B,A,A
SYN31046,A,B,A,A
SYN38998,A,B,A,B
SYN33527,A,B,A,A
SYN38130,A,B,A,A
PZE_103177780,A,B,B,A
SYN31243,A,B,A,A
SYN27420,A,B,A,A
SYN30477,A,B,A,B
SYN29679,A,B,A,A
PZE_103182291,A,B,A,B
SYN30342,A,B,A,B
SYN4860,A,B,A,A
PZE_103185889,A,B,A,B
SYN33196,A,B,B,B
SYN24156,A,B,A,A
SYN33006,A,B,A,B
PUT_163a_78115415_4344,A,B,B,B
SYN22929,A,B,A,A
PUT_163a_94477564_4893,A,B,B,B
SYN1073,A,B,B,B
SYN1064,A,B,B,A
SYN24520,A,B,A,B
SYN11366,A,B,B,A
SYN24044,A,B,A,A
SYN29175,A,B,A,A
SYN29997,A,B,B,B
SYN30003,A,B,A,B
PZE_104009755,A,B,A,A
SYN19801,A,B,A,B
SYN11697,A,B,A,B
SYN14191,A,B,B,B
SYN31962,A,B,A,B
PZE_104012818,A,B,B,B
PZE_104013117,A,B,A,B
PZE_104013627,A,B,A,A
PZE_104014765,A,B,A,B
SYN12142,A,B,A,B
PZE_104016428,A,B,A,B
SYN30707,A,B,A,A
PZE_104017875,A,B,B,B
PZE_104018218,A,B,A,B
PZE_104018363,A,B,A,A
PZE_104019012,A,B,A,A
SYN24026,A,B,B,B
SYN23842,A,B,A,A
PZE_104021510,A,B,A,A
SYN31169,A,B,A,B
SYN23037,A,B,A,B
PZE_104028286,A,B,B,A
PZE_104029141,A,B,B,A
SYN25839,A,B,B,A
PZE_104031664,A,B,A,A
PZE_104033664,A,B,A,A
SYN10441,A,B,A,B
PZE_104042143,A,B,A,A
PZE_104049103,A,B,A,A
SYN21348,A,B,B,B
PZE_104066797,A,B,A,A
PZE_104074935,A,B,B,B
SYN27217,A,B,A,A
PZE_104079202,A,B,B,B
PUT_163a_71330910_3189,A,B,B,B
PZE_104081530,A,B,B,A
PZE_104083693,A,B,B,A
SYN4676,A,B,A,A
PZE_104086186,A,B,A,A
PZE_104087964,A,B,B,B
SYN1892,A,B,A,B
PZE_104091530,A,B,B,B
SYN2178,A,B,B,B
SYN606,A,B,A,A
PZE_104095248,A,B,A,A
PZA00271_1,A,B,B,B
SYN2090,A,B,B,A
SYN2452,A,B,B,B
SYN2327,A,B,B,A
PZE_104100589,A,B,B,B
SYN18331,A,B,B,B
PZE_104102755,A,B,A,A
SYN1846,A,B,A,A
PZE_104104798,A,B,B,A
SYN1197,A,B,A,B
PZE_104105816,A,B,A,B
PZE_104106033,A,B,A,A
PUT_163a_13388743_219,A,B,A,B
PZE_104109358,A,B,A,B
SYN32511,A,B,A,B
PZE_104112738,A,B,A,B
PZE_104113360,A,B,B,B
SYN14892,A,B,A,B
PHM4348_16,A,B,B,B
SYN1805,A,B,A,B
PZE_104122100,A,B,A,B
PZE_104123695,A,B,B,A
PZE_104126314,A,B,B,B
PZE_104128889,A,B,B,B
PZE_104132640,A,B,A,B
SYN29124,A,B,B,B
SYN19608,A,B,B,B
SYN22426,A,B,A,B
PZE_104139549,A,B,A,A
PZE_104140188,A,B,B,A
SYN29804,A,B,B,B
PZE_104142983,A,B,B,A
PZE_104143118,A,B,B,B
SYN23418,A,B,B,B
PZE_104145773,A,B,B,B
PZE_104146082,A,B,A,A
SYN19392,A,B,B,B
SYN28888,A,B,A,A
PZE_104150001,A,B,B,A
SYN14093,A,B,B,A
SYN39090,A,B,B,B
SYN14623,A,B,A,B
SYN37134,A,B,B,B
PUT_163a_31664272_1986,A,B,B,B
PZE_104153704,A,B,A,B
SYN1363,A,B,A,A
SYN38841,A,B,B,B
SYN37256,A,B,B,B
SYN26000,A,B,B,B
PZE_104155284,A,B,B,A
SYN39224,A,B,A,B
SYN29058,A,B,A,B
PZE_104157101,A,B,A,B
PZE_105000145,A,B,B,B
SYN21619,A,B,A,A
SYN35027,A,B,A,A
PZE_105003814,A,B,B,A
SYN36933,A,B,B,B
SYN15176,A,B,A,A
SYN541,A,B,B,B
SYN31758,A,B,A,A
SYN523,A,B,A,A
PUT_163a_14244370_320,A,B,B,B
SYN5363,A,B,A,B
SYN30873,A,B,B,A
SYN12682,A,B,A,A
SYN1037,A,B,B,B
SYN3123,A,B,A,A
PZE_105015473,A,B,A,A
PZE_105016573,A,B,A,A
SYN2126,A,B,B,A
PZE_105018063,A,B,B,B
PZE_105018841,A,B,B,A
SYN33205,A,B,A,A
SYN38234,A,B,B,B
PZE_105021560,A,B,B,A
PZE_105023645,A,B,B,A
SYN27310,A,B,B,A
SYN35808,A,B,A,A
SYN1692,A,B,B,A
SYN19687,A,B,A,A
SYN16500,A,B,B,B
SYN15152,A,B,A,A
PZE_105031086,A,B,B,A
PZE_105031844,A,B,B,B
PZE_105033111,A,B,B,B
SYN21201,A,B,A,B
PZE_105037660,A,B,B,B
PZE_105040234,A,B,B,B
PZE_105042963,A,B,A,A
SYN11795,A,B,A,B
PZE_105049996,A,B,A,A
PZE_105050537,A,B,A,B
PZE_105053747,A,B,B,B
PZE_105057600,A,B,A,B
PZE_105061350,A,B,A,A
PZE_105065758,A,B,A,B
PZE_105067125,A,B,A,B
SYN34071,A,B,A,A
PZE_105074598,A,B,A,A
PZE_105078090,A,B,A,A
PZE_105090726,A,B,B,B
PZE_105098779,A,B,A,A
PZE_105100878,A,B,B,A
PUT_163a_4174532_2029,A,B,A,B
PUT_163a_18162524_1229,A,B,A,B
SYN27038,A,B,B,B
PZE_105110067,A,B,A,A
SYN30458,A,B,A,A
SYN34468,A,B,A,A
PUT_163a_4573181_2059,A,B,A,B
PZE_105114470,A,B,A,B
SYN36136,A,B,B,B
PZE_105115904,A,B,B,B
SYN34521,A,B,A,A
SYN31820,A,B,B,A
PZE_105121226,A,B,A,B
SYN12712,A,B,B,B
PZE_105126109,A,B,B,A
PZE_105128217,A,B,A,B
PZE_105129422,A,B,A,A
SYN16485,A,B,A,A
SYN16484,A,B,A,B
SYN35847,A,B,A,A
SYN14521,A,B,A,A
SYN31644,A,B,B,A
SYN27782,A,B,A,A
SYN29255,A,B,A,B
SYN1176,A,B,A,B
PZE_105141391,A,B,A,A
SYN34083,A,B,A,B
PZE_105146498,A,B,A,B
PZE_105149244,A,B,A,B
SYN2083,A,B,A,A
SYN29327,A,B,A,B
SYN22059,A,B,A,A
SYN24659,A,B,B,A
SYN1884,A,B,A,A
SYN1926,A,B,B,A
SYN36851,A,B,A,B
PZB02189_6,A,B,B,B
PZE_106000007,A,B,A,B
PZA00606_3,A,B,A,A
PZE_106001672,A,B,B,B
PZE_106003203,A,B,B,A
SYN39272,A,B,A,A
PZE_106005094,A,B,A,B
SYN10561,A,B,A,A
PZE_106007410,A,B,B,B
PZE_106010115,A,B,A,B
PZE_106013654,A,B,A,B
SYN11613,A,B,A,B
PZE_106035079,A,B,A,A
PZE_106039882,A,B,B,B
PZE_106041604,A,B,A,B
SYN11803,A,B,A,B
PZE_106045024,A,B,A,B
PZE_106046102,A,B,B,A
PZE_106047470,A,B,A,A
PZE_106048958,A,B,B,B
SYN3641,A,B,A,A
PZE_106051936,A,B,A,B
PZE_106052904,A,B,B,A
SYN12088,A,B,B,A
PZE_106054425,A,B,A,B
SYN23500,A,B,A,A
PZE_106057989,A,B,A,A
PZE_106059535,A,B,B,A
SYN24768,A,B,B,B
PZE_106061055,A,B,B,A
SYN30628,A,B,A,B
PZE_106062474,A,B,B,A
PZE_106065285,A,B,A,A
SYN23913,A,B,B,A
SYN29425,A,B,A,A
PUT_163a_86468823_4491,A,B,A,B
SYN26935,A,B,B,B
PZE_106070387,A,B,A,A
PZE_106072074,A,B,B,B
SYN24366,A,B,A,B
PZE_106075520,A,B,A,A
PZE_106076828,A,B,A,B
PZA00250_1,A,B,A,B
PZE_106083170,A,B,A,A
SYN26383,A,B,B,B
SYN32129,A,B,A,A
SYN27107,A,B,A,A
PZE_106092386,A,B,A,A
PZE_106093812,A,B,A,B
SYN4801,A,B,A,A
SYN11808,A,B,A,B
SYN11809,A,B,B,B
PZE_106096872,A,B,A,B
SYN37999,A,B,B,B
SYN35959,A,B,A,A
SYN30391,A,B,B,B
SYN24056,A,B,B,B
SYN24461,A,B,B,B
PZE_106103012,A,B,A,A
SYN23855,A,B,B,B
PZE_106106877,A,B,A,A
SYN23624,A,B,A,A
SYN3998,A,B,A,B
SYN19164,A,B,A,A
SYN19161,A,B,A,B
SYN27121,A,B,A,B
SYN26168,A,B,B,A
SYN23743,A,B,A,A
PZE_106116673,A,B,A,A
PUT_163a_60338619_2360,A,B,B,B
SYN22989,A,B,A,B
SYN16022,A,B,B,B
SYN13307,A,B,A,A
SYN13308,A,B,A,A
SYN24882,A,B,B,B
SYN10686,A,B,B,B
PZA02141_1,A,B,B,B
SYN5884,A,B,A,A
PZE_106126296,A,B,B,B
PZE_106128315,A,B,B,B
SYN24811,A,B,B,A
SYN15208,A,B,A,B
SYN23973,A,B,A,A
PZE_107005418,A,B,B,B
SYN25440,A,B,A,A
PZE_107006511,A,B,A,A
SYN21564,A,B,A,A
SYN21560,A,B,A,A
SYN4744,A,B,A,A
SYN3807,A,B,A,A
PZE_107009278,A,B,A,A
SYN36033,A,B,B,A
PZE_107010433,A,B,B,B
SYN32202,A,B,B,B
SYN18116,A,B,B,B
SYN36577,A,B,B,A
PUT_163a_50327005_2185,A,B,B,B
SYN33126,A,B,A,B
PZE_107016614,A,B,B,A
SYN26435,A,B,A,A
PZE_107017614,A,B,A,B
PZE_107019072,A,B,B,B
SYN10101,A,B,A,A
SYN23593,A,B,A,A
PZE_107026046,A,B,A,A
PZE_107031924,A,B,B,A
PZE_107044548,A,B,B,B
PZE_107053268,A,B,B,B
PZE_107054656,A,B,B,B
SYN39188,A,B,A,A
SYN36345,A,B,A,B
SYN3200,A,B,A,A
SYN3716,A,B,B,B
PZE_107065974,A,B,B,A
PZE_107067062,A,B,B,A
PZE_107068407,A,B,B,A
PZE_107070761,A,B,B,B
SYN17089,A,B,A,A
PZE_107073339,A,B,A,B
SYN28758,A,B,A,B
PZE_107074755,A,B,A,A
SYN17332,A,B,A,A
PZE_107076020,A,B,A,A
PZE_107076684,A,B,A,A
SYN35079,A,B,A,A
SYN32295,A,B,B,B
SYN22406,A,B,B,A
PZE_107084474,A,B,B,A
SYN22167,A,B,A,B
PZE_107087898,A,B,B,B
SYN24395,A,B,B,A
SYN32262,A,B,A,B
PZE_107097026,A,B,B,B
PZE_107098163,A,B,A,B
PZE_107099144,A,B,B,A
PZE_107100523,A,B,A,A
PZE_107102206,A,B,A,B
PZE_107103880,A,B,A,B
PZE_107105855,A,B,A,B
PZE_107106251,A,B,B,A
PZE_107106472,A,B,B,B
PZE_107108370,A,B,A,A
SYN3350,A,B,B,B
SYN10522,A,B,A,A
SYN15451,A,B,A,B
PZE_107113339,A,B,B,B
SYN25311,A,B,A,A
PZE_107116723,A,B,B,A
PZE_107117917,A,B,A,A
PZE_107118743,A,B,B,A
SYN13029,A,B,A,B
PZE_107119968,A,B,B,B
SYN12703,A,B,A,A
SYN20121,A,B,B,B
PZE_107123572,A,B,A,A
SYN12253,A,B,A,B
PZE_107126296,A,B,A,A
SYN30795,A,B,B,B
SYN10749,A,B,B,B
SYN34109,A,B,A,B
PZE_108000683,A,B,B,A
SYN25099,A,B,A,A
PUT_163a_13557719_256,A,B,A,B
SYN10808,A,B,A,A
PZE_108002846,A,B,A,A
SYN17938,A,B,B,B
PZA_002174002,A,B,B,A
PZE_108004350,A,B,A,B
PZE_108004388,A,B,B,B
SYN12530,A,B,B,B
SYN34214,A,B,B,A
PZE_108005605,A,B,B,A
SYN3883,A,B,A,B
SYN10427,A,B,B,B
PZE_108007013,A,B,A,A
SYN20700,A,B,B,B
PZE_108008403,A,B,B,B
PZE_108008825,A,B,B,B
PZE_108009251,A,B,B,B
SYN36558,A,B,A,A
PZE_108010981,A,B,B,A
PZE_108011830,A,B,A,A
SYN3396,A,B,B,B
PZE_108013234,A,B,A,A
PZE_108013757,A,B,A,A
SYN35072,A,B,B,A
PZE_108016244,A,B,A,A
PZE_108017417,A,B,A,B
PZE_108019790,A,B,B,A
PZE_108018485,A,B,A,A
PZE_108021327,A,B,A,B
PZE_108021864,A,B,A,A
SYN17577,A,B,B,A
PZE_108023615,A,B,B,B
PZE_108024348,A,B,A,A
SYN19605,A,B,A,A
PZE_108032283,A,B,B,B
PZE_108042761,A,B,A,B
SYN12525,A,B,B,A
SYN2884,A,B,B,B
PZE_108045907,A,B,B,B
SYN30907,A,B,A,A
PZE_108053704,A,B,A,A
PZE_108054215,A,B,B,A
SYN17876,A,B,B,B
SYN30221,A,B,B,A
PZE_108058161,A,B,B,A
PZE_108059057,A,B,A,A
PZE_108061313,A,B,B,A
PUT_163a_78092237_4250,A,B,B,B
PZE_108063794,A,B,B,B
PZE_108065744,A,B,A,A
SYN27931,A,B,B,A
PZE_108067569,A,B,A,B
PUT_163a_74234257_3606,A,B,A,B
PZE_108071079,A,B,A,A
SYN15433,A,B,A,A
SYN11836,A,B,A,B
PUT_163a_71423233_3216,A,B,A,B
PZE_108080736,A,B,A,B
SYN38887,A,B,B,A
PZE_108107072,A,B,B,B
SYN15878,A,B,B,A
PZE_108109498,A,B,A,A
SYN14062,A,B,A,A
PZE_108111762,A,B,A,B
SYN23212,A,B,A,A
SYN30178,A,B,A,A
SYN32177,A,B,B,A
PZE_108116213,A,B,A,A
PZE_108117199,A,B,B,B
SYN31086,A,B,A,A
PZE_108118398,A,B,A,B
PZE_108119072,A,B,B,A
SYN29149,A,B,B,B
SYN20446,A,B,B,A
SYN36468,A,B,A,A
PUT_163a_76010623_3722,A,B,A,B
SYN21960,A,B,A,A
PZE_108124414,A,B,B,A
SYN23844,A,B,A,A
SYN36002,A,B,A,B
SYN36001,A,B,A,A
PZE_108126650,A,B,A,A
PZA00189_23,A,B,B,B
SYN4414,A,B,A,A
PUT_163a_71311544_3116,A,B,B,B
SYN15043,A,B,A,A
SYN4930,A,B,B,A
PZA02281_3,A,B,B,B
PZE_108133242,A,B,B,A
SYN10423,A,B,B,B
PZE_108133741,A,B,A,B
SYN36374,A,B,A,B
SYN29575,A,B,B,B
SYN20808,A,B,B,A
PZE_109000143,A,B,A,B
SYN21732,A,B,A,A
PZE_109001536,A,B,A,B
SYN36188,A,B,A,A
PZE_109003046,A,B,A,B
PZE_109003305,A,B,B,B
SYN30861,A,B,A,A
SYN35081,A,B,A,A
PZE_109006201,A,B,A,A
PZE_109006992,A,B,A,A
SYN39069,A,B,B,B
SYN13447,A,B,B,A
SYN19752,A,B,B,B
SYN20011,A,B,A,A
SYN11737,A,B,A,A
PZE_109009392,A,B,A,A
PZE_109009763,A,B,A,B
PZE_109010476,A,B,B,B
PZE_109011385,A,B,A,B
SYN2758,A,B,B,B
PZE_109013000,A,B,A,B
SYN35320,A,B,A,B
SYN12315,A,B,A,B
SYN11769,A,B,B,A
PZE_109015133,A,B,B,B
PZE_109015314,A,B,B,B
PZE_109016177,A,B,A,A
SYN16077,A,B,B,B
PZE_109016955,A,B,A,A
PZE_109018303,A,B,B,B
SYN18694,A,B,A,A
SYN29881,A,B,B,B
SYN15749,A,B,A,A
PZE_109022427,A,B,B,B
SYN34183,A,B,B,A
SYN28207,A,B,B,B
PZE_109026940,A,B,A,A
PZE_109029553,A,B,B,A
SYN38486,A,B,B,B
PZE_109055553,A,B,A,A
PZE_109057545,A,B,A,A
PZE_109060496,A,B,B,A
SYN37617,A,B,A,A
PZE_109066337,A,B,A,B
SYN21230,A,B,A,B
PZE_109068561,A,B,B,B
SYN18130,A,B,B,B
PZE_109073134,A,B,B,B
SYN22541,A,B,A,A
PZE_109077509,A,B,A,A
PZE_109078597,A,B,B,A
SYN24353,A,B,B,A
SYN3443,A,B,B,A
PZA01866_1,A,B,B,A
PZE_109086097,A,B,A,A
PZE_109087484,A,B,B,B
PZE_109088452,A,B,B,B
PZE_109089873,A,B,B,B
PZE_109091377,A,B,A,A
PZE_109093491,A,B,A,B
SYN32361,A,B,A,B
SYN11597,A,B,A,B
SYN26727,A,B,B,A
PZE_109097202,A,B,A,A
SYN30940,A,B,A,B
PZE_109098496,A,B,B,B
SYN27711,A,B,B,B
SYN22241,A,B,A,B
SYN25124,A,B,A,A
SYN30124,A,B,A,B
PZE_109102962,A,B,A,B
PZA02197_1,A,B,B,B
SYN10263,A,B,A,B
PZE_109107497,A,B,A,A
PZE_109109275,A,B,B,B
PZE_109109692,A,B,A,A
PZE_109109991,A,B,A,B
PZE_109110253,A,B,B,B
SYN5447,A,B,B,A
PZE_109111133,A,B,B,A
SYN35714,A,B,B,A
PUT_163a_4621424_2088,A,B,B,B
SYN10591,A,B,B,A
PUT_163a_50330000_2208,A,B,B,B
PZE_109115897,A,B,A,B
PZE_109116477,A,B,B,B
SYN24345,A,B,B,B
SYN24330,A,B,A,B
SYN24328,A,B,B,A
SYN15948,A,B,A,A
SYN13953,A,B,A,B
PZE_109119946,A,B,A,A
PUT_163a_16922936_1081,A,B,A,B
SYN17514,A,B,B,B
SYN16185,A,B,B,A
SYN16805,A,B,B,A
SYN12396,A,B,A,A
SYN12401,A,B,A,A
SYN17105,A,B,A,A
SYN14833,A,B,A,A
SYN4471,A,B,B,A
SYN17783,A,B,B,B
SYN16720,A,B,A,B
PZE_110009032,A,B,A,A
PZE_110009334,A,B,B,A
SYN23776,A,B,B,B
PZE_110012285,A,B,B,B
PZE_110013051,A,B,B,B
PZE_110014718,A,B,B,B
PZE_110016084,A,B,B,B
PZE_110019712,A,B,B,B
PZE_110020197,A,B,A,A
PZE_110033293,A,B,A,A
PZE_110039284,A,B,A,A
PZE_110042215,A,B,A,B
PZE_110044190,A,B,B,B
PZE_110048720,A,B,A,A
SYN15824,A,B,A,A
SYN1116,A,B,B,B
PZE_110062653,A,B,B,A
SYN30375,A,B,B,B
PZE_110069835,A,B,A,A
SYN18871,A,B,A,A
PZE_110073500,A,B,B,B
PZE_110074757,A,B,A,A
PZE_110076741,A,B,B,B
PZE_110078631,A,B,A,A
SYN4826,A,B,A,A
PZE_110082048,A,B,A,A
SYN18730,A,B,A,A
PZE_110084754,A,B,B,B
SYN28385,A,B,A,A
PZE_110086343,A,B,B,B
SYN21905,A,B,A,B
PZE_110089201,A,B,B,B
SYN13120,A,B,B,B
PZE_110093416,A,B,B,B
SYN36714,A,B,B,A
SYN16965,A,B,B,B
SYN1018,A,B,A,A
PUT_163a_29544531_1779,A,B,B,B
PZE_110097359,A,B,A,B
SYN6070,A,B,B,A
SYN4350,A,B,A,A
PZE_110099681,A,B,B,A
PZE_110100685,A,B,A,B
PZE_110101412,A,B,A,B
SYN11610,A,B,A,A
SYN15271,A,B,A,A
SYN12666,A,B,A,A
SYN19616,A,B,A,B
SYN35585,A,B,A,A
PZE_110105598,A,B,B,B
SYN22560,A,B,B,A
SYN19209,A,B,A,A
SYN19290,A,B,A,B
PZE_110109364,A,B,A,B
SYN13564,A,B,B,A
